"日期","收盘","开盘","高","低","交易量","涨跌幅"
"2023-6-29","74.04","73.85","74.12","73.49","","0.39%"
"2023-6-28","73.75","72.68","74.31","71.75","","1.46%"
"2023-6-27","72.69","74.33","74.97","72.23","","-2.23%"
"2023-6-26","74.35","74.70","74.88","73.50","","-0.46%"
"2023-6-25","74.69","74.47","74.78","74.25","","0.55%"
"2023-6-23","74.28","74.06","74.38","72.18","","0.00%"
"2023-6-22","74.28","77.06","77.24","73.65","","-3.60%"
"2023-6-21","77.05","75.59","77.30","75.59","","2.03%"
"2023-6-20","75.52","76.17","77.20","74.59","","-0.88%"
"2023-6-19","76.19","76.18","77.00","75.42","","0.00%"
"2023-6-18","76.19","76.39","76.42","76.11","","-0.25%"
"2023-6-16","76.38","75.73","76.83","75.19","","0.87%"
"2023-6-15","75.72","73.47","76.06","73.02","","2.71%"
"2023-6-14","73.72","74.17","75.59","73.13","","-0.79%"
"2023-6-13","74.31","72.26","74.75","72.05","","2.94%"
"2023-6-12","72.19","74.63","74.65","71.69","","-3.28%"
"2023-6-11","74.64","74.90","74.90","74.52","","-0.60%"
"2023-6-9","75.09","75.62","76.69","74.85","","-0.79%"
"2023-6-8","75.69","76.89","77.81","73.74","","-1.62%"
"2023-6-7","76.94","76.38","77.76","75.66","","0.87%"
"2023-6-6","76.28","76.69","76.89","74.88","","-0.59%"
"2023-6-5","76.73","77.99","78.38","76.47","","-1.63%"
"2023-6-4","78.00","78.22","78.88","77.74","","2.00%"
"2023-6-2","76.47","74.44","76.67","74.35","","2.69%"
"2023-6-1","74.47","72.39","75.42","72.20","","2.99%"
"2023-5-31","72.31","73.97","74.12","71.68","","-2.32%"
"2023-5-30","74.03","77.16","77.77","73.50","","-4.21%"
"2023-5-29","77.28","77.71","78.02","76.36","","-0.54%"
"2023-5-28","77.70","77.59","77.91","77.56","","0.36%"
"2023-5-26","77.42","76.24","77.53","75.88","","1.39%"
"2023-5-25","76.36","78.46","78.60","75.32","","-2.69%"
"2023-5-24","78.47","77.79","78.72","77.18","","1.10%"
"2023-5-23","77.62","76.28","77.81","75.73","","2.09%"
"2023-5-22","76.03","75.82","76.55","74.66","","0.29%"
"2023-5-21","75.81","75.83","75.91","75.65","","-0.11%"
"2023-5-19","75.89","76.14","77.57","75.24","","-0.24%"
"2023-5-18","76.07","76.89","77.09","75.62","","-1.08%"
"2023-5-17","76.90","74.77","77.43","74.23","","2.73%"
"2023-5-16","74.86","75.68","76.08","74.64","","-1.08%"
"2023-5-15","75.68","74.31","75.89","73.63","","1.84%"
"2023-5-14","74.31","74.29","74.41","74.20","","-0.07%"
"2023-5-12","74.36","75.47","76.01","74.20","","-1.65%"
"2023-5-11","75.61","76.85","77.59","74.80","","-1.49%"
"2023-5-10","76.75","77.55","77.78","75.88","","-0.93%"
"2023-5-9","77.47","77.00","77.69","75.29","","0.87%"
"2023-5-8","76.80","75.54","77.63","75.15","","1.65%"
"2023-5-7","75.55","75.47","76.00","75.47","","0.03%"
"2023-5-5","75.53","72.87","75.97","72.63","","3.82%"
"2023-5-4","72.75","71.66","73.95","71.65","","0.85%"
"2023-5-3","72.14","75.52","75.78","71.94","","-4.39%"
"2023-5-2","75.45","79.53","80.04","75.33","","-5.26%"
"2023-5-1","79.64","79.92","80.13","78.39","","-0.35%"
"2023-4-30","79.92","80.47","80.52","79.89","","-0.82%"
"2023-4-28","80.58","78.55","80.81","77.80","","2.53%"
"2023-4-27","78.59","78.09","78.83","77.66","","0.61%"
"2023-4-26","78.11","81.12","81.68","77.81","","-3.46%"
"2023-4-25","80.91","82.72","83.20","80.55","","-2.20%"
"2023-4-24","82.73","81.69","83.13","80.63","","1.27%"
"2023-4-23","81.69","81.88","81.88","81.59","","-0.23%"
"2023-4-21","81.88","80.90","82.15","80.56","","1.20%"
"2023-4-20","80.91","82.95","83.03","80.89","","-2.51%"
"2023-4-19","82.99","84.97","85.28","82.55","","-2.36%"
"2023-4-18","85.00","84.89","85.56","83.97","","0.00%"
"2023-4-17","85.00","86.56","86.69","84.54","","-1.82%"
"2023-4-16","86.58","86.52","86.64","86.39","","-0.13%"
"2023-4-14","86.69","86.40","87.08","85.77","","0.22%"
"2023-4-13","86.50","87.43","87.69","86.28","","-1.08%"
"2023-4-12","87.44","85.81","87.72","85.65","","1.89%"
"2023-4-11","85.82","84.47","85.92","84.00","","1.53%"
"2023-4-10","84.53","85.50","85.79","84.36","","-1.11%"
"2023-4-9","85.48","85.31","85.92","85.31","","0.39%"
"2023-4-6","85.15","85.22","85.77","84.38","","-0.01%"
"2023-4-5","85.16","85.56","85.87","84.37","","-0.49%"
"2023-4-4","85.58","85.25","86.37","84.20","","0.46%"
"2023-4-3","85.19","85.34","85.72","83.86","","-0.14%"
"2023-4-2","85.31","85.48","86.70","84.89","","6.33%"
"2023-3-31","80.23","78.91","80.30","78.22","","1.66%"
"2023-3-30","78.92","77.85","79.23","77.56","","1.30%"
"2023-3-29","77.91","78.91","79.40","77.71","","-1.14%"
"2023-3-28","78.81","78.24","79.10","77.52","","0.79%"
"2023-3-27","78.19","75.41","78.42","74.81","","3.69%"
"2023-3-26","75.41","75.16","75.70","75.16","","0.53%"
"2023-3-24","75.01","75.56","76.36","72.75","","-0.69%"
"2023-3-23","75.53","75.95","77.50","75.22","","-0.41%"
"2023-3-22","75.84","75.23","77.18","74.59","","0.74%"
"2023-3-21","75.28","73.72","75.47","72.90","","1.81%"
"2023-3-20","73.94","72.46","73.94","72.00","","-2.01%"
"2023-3-17","75.46","74.79","75.76","74.55","","0.95%"
"2023-3-16","74.75","74.44","75.62","72.03","","0.34%"
"2023-3-15","74.50","77.94","78.85","71.80","","-4.04%"
"2023-3-14","77.64","80.73","81.05","77.02","","-3.91%"
"2023-3-13","80.80","83.30","83.46","78.50","","-3.01%"
"2023-3-12","83.31","82.53","83.61","82.40","","0.51%"
"2023-3-10","82.89","81.63","83.27","80.90","","1.43%"
"2023-3-9","81.72","82.77","84.17","81.60","","-1.15%"
"2023-3-8","82.67","83.22","83.78","82.25","","-0.73%"
"2023-3-7","83.28","86.41","86.94","83.03","","-3.68%"
"2023-3-6","86.46","85.70","86.55","84.55","","0.90%"
"2023-3-5","85.69","86.02","86.03","85.61","","-0.61%"
"2023-3-3","86.22","84.84","86.22","82.60","","1.93%"
"2023-3-2","84.59","84.49","85.33","84.07","","-0.05%"
"2023-3-1","84.63","83.20","84.73","82.85","","1.50%"
"2023-2-28","83.38","82.27","84.23","82.09","","1.25%"
"2023-2-27","82.35","83.34","83.50","81.66","","-1.19%"
"2023-2-26","83.34","83.11","83.41","83.11","","0.22%"
"2023-2-24","83.16","82.60","83.35","81.03","","0.86%"
"2023-2-23","82.45","80.60","82.72","80.59","","2.28%"
"2023-2-22","80.61","82.81","83.25","80.58","","-2.62%"
"2023-2-21","82.78","83.86","84.20","82.55","","-1.31%"
"2023-2-20","83.88","83.19","84.31","82.75","","0.85%"
"2023-2-19","83.17","83.18","83.31","83.05","","0.24%"
"2023-2-17","82.97","84.64","84.88","81.81","","-2.17%"
"2023-2-16","84.81","85.24","86.21","84.61","","-0.59%"
"2023-2-15","85.31","85.19","85.85","83.92","","0.05%"
"2023-2-14","85.27","85.94","86.43","84.15","","-0.63%"
"2023-2-13","85.81","86.00","86.94","85.11","","-0.24%"
"2023-2-12","86.02","86.53","86.64","85.89","","-0.52%"
"2023-2-10","86.47","84.23","86.90","83.94","","2.83%"
"2023-2-9","84.09","85.01","85.50","83.09","","-1.14%"
"2023-2-8","85.06","84.10","85.16","83.54","","1.15%"
"2023-2-7","84.09","81.26","84.14","81.21","","3.28%"
"2023-2-6","81.42","80.04","81.44","79.12","","1.75%"
"2023-2-5","80.02","79.80","80.17","79.78","","0.35%"
"2023-2-3","79.74","82.32","84.20","79.65","","-2.92%"
"2023-2-2","82.14","83.35","83.62","81.27","","-1.13%"
"2023-2-1","83.08","85.54","86.22","82.39","","-2.88%"
"2023-1-31","85.54","84.67","85.79","83.18","","1.17%"
"2023-1-30","84.55","87.14","87.25","84.28","","-2.97%"
"2023-1-29","87.14","86.73","87.28","86.64","","1.20%"
"2023-1-27","86.11","87.45","88.63","85.54","","-1.57%"
"2023-1-26","87.48","86.45","88.00","85.80","","1.39%"
"2023-1-25","86.28","86.48","87.04","85.52","","-0.29%"
"2023-1-24","86.53","88.00","88.65","85.91","","-1.76%"
"2023-1-23","88.08","87.08","89.00","86.88","","1.15%"
"2023-1-22","87.08","87.66","87.75","87.04","","-0.54%"
"2023-1-20","87.55","86.37","87.69","85.50","","1.50%"
"2023-1-19","86.26","84.16","86.73","83.67","","2.11%"
"2023-1-18","84.48","86.22","87.73","84.27","","-2.44%"
"2023-1-17","86.59","84.03","86.70","83.92","","3.05%"
"2023-1-16","84.03","85.06","85.16","83.75","","-1.21%"
"2023-1-15","85.06","85.38","85.45","85.06","","-0.26%"
"2023-1-13","85.28","83.75","85.34","83.35","","1.94%"
"2023-1-12","83.66","82.74","84.45","82.23","","1.06%"
"2023-1-11","82.78","79.33","82.84","79.16","","4.15%"
"2023-1-10","79.48","79.47","80.72","78.65","","-0.21%"
"2023-1-9","79.65","78.72","81.18","78.69","","1.17%"
"2023-1-8","78.73","78.28","78.77","78.28","","0.52%"
"2023-1-6","78.32","78.83","80.37","77.87","","-0.47%"
"2023-1-5","78.69","78.06","79.76","77.41","","1.04%"
"2023-1-4","77.88","82.17","82.47","77.54","","-5.16%"
"2023-1-3","82.12","85.55","86.75","81.57","","-4.20%"
"2022-12-30","85.72","83.43","85.72","82.63","","2.73%"
"2022-12-29","83.44","83.32","83.56","81.60","","-0.04%"
"2022-12-28","83.47","84.63","84.87","82.24","","-1.72%"
"2022-12-27","84.93","84.82","85.79","83.91","","0.84%"
"2022-12-23","84.22","82.00","84.36","81.56","","2.67%"
"2022-12-22","82.03","82.68","84.02","81.04","","-0.49%"
"2022-12-21","82.43","80.13","82.71","79.73","","3.14%"
"2022-12-20","79.92","80.45","81.09","78.48","","-0.49%"
"2022-12-19","80.31","79.89","81.08","78.83","","0.50%"
"2022-12-18","79.91","79.27","79.92","79.25","","0.58%"
"2022-12-16","79.45","81.66","82.06","78.57","","-2.78%"
"2022-12-15","81.72","83.03","83.48","81.14","","-1.68%"
"2022-12-14","83.12","80.59","83.47","80.44","","2.95%"
"2022-12-13","80.74","78.54","81.62","78.44","","3.01%"
"2022-12-12","78.38","77.31","78.93","75.59","","1.36%"
"2022-12-11","77.33","77.22","77.68","77.11","","0.39%"
"2022-12-9","77.03","77.12","77.85","75.52","","0.18%"
"2022-12-8","76.89","77.78","79.59","76.18","","-1.18%"
"2022-12-7","77.81","80.22","80.94","77.39","","-3.00%"
"2022-12-6","80.22","83.71","84.17","79.18","","-3.92%"
"2022-12-5","83.49","87.52","88.97","83.05","","-4.52%"
"2022-12-4","87.44","86.30","87.55","86.05","","1.05%"
"2022-12-2","86.53","87.47","88.53","85.81","","-1.52%"
"2022-12-1","87.87","87.36","89.98","86.90","","0.68%"
"2022-11-30","87.28","85.44","88.04","85.09","","1.97%"
"2022-11-29","85.59","83.91","87.34","83.91","","1.97%"
"2022-11-28","83.94","84.09","85.31","81.47","","-0.20%"
"2022-11-27","84.11","84.31","84.52","83.97","","-0.68%"
"2022-11-25","84.69","86.12","87.63","84.40","","-1.31%"
"2022-11-24","85.81","85.59","86.10","84.75","","0.68%"
"2022-11-23","85.23","89.01","90.06","84.70","","-4.09%"
"2022-11-22","88.86","88.29","90.45","87.90","","0.57%"
"2022-11-21","88.36","88.37","88.40","82.93","","0.01%"
"2022-11-20","88.35","88.35","88.59","88.34","","-0.36%"
"2022-11-18","88.67","91.19","91.45","86.59","","-2.39%"
"2022-11-17","90.84","93.66","93.79","90.41","","-2.92%"
"2022-11-16","93.57","94.91","95.77","92.65","","-1.25%"
"2022-11-15","94.75","93.76","96.78","92.59","","1.30%"
"2022-11-14","93.53","97.95","98.09","93.53","","-4.52%"
"2022-11-13","97.96","97.09","97.97","96.94","","0.79%"
"2022-11-11","97.19","95.05","98.25","94.98","","2.68%"
"2022-11-10","94.65","93.91","95.67","93.07","","0.90%"
"2022-11-9","93.81","96.66","97.09","93.68","","-2.78%"
"2022-11-8","96.49","99.78","99.86","96.45","","-3.03%"
"2022-11-7","99.50","98.47","101.21","98.47","","1.05%"
"2022-11-6","98.47","98.73","98.80","98.20","","-1.99%"
"2022-11-4","100.47","96.31","100.65","96.10","","4.27%"
"2022-11-3","96.36","97.16","97.83","96.04","","-1.11%"
"2022-11-2","97.44","96.78","98.41","95.92","","0.80%"
"2022-11-1","96.67","94.48","97.54","94.27","","1.96%"
"2022-10-31","94.81","96.25","96.39","93.46","","-1.48%"
"2022-10-30","96.23","96.34","96.39","96.06","","-0.20%"
"2022-10-28","96.42","96.88","97.14","95.24","","-0.55%"
"2022-10-27","96.95","96.40","97.62","95.48","","0.50%"
"2022-10-26","96.47","93.39","96.59","92.68","","3.00%"
"2022-10-25","93.66","93.83","94.87","92.07","","-0.18%"
"2022-10-24","93.83","94.07","94.72","91.53","","-0.23%"
"2022-10-23","94.05","93.83","94.31","93.83","","0.14%"
"2022-10-21","93.92","92.78","94.20","91.41","","0.92%"
"2022-10-20","93.06","92.71","95.21","92.35","","0.04%"
"2022-10-19","93.02","91.27","93.31","89.84","","2.12%"
"2022-10-18","91.09","92.55","93.15","89.26","","-1.49%"
"2022-10-17","92.47","92.88","93.76","91.38","","-0.44%"
"2022-10-16","92.88","92.14","92.94","92.14","","0.62%"
"2022-10-14","92.31","95.12","95.78","91.94","","-3.18%"
"2022-10-13","95.34","93.14","95.61","91.78","","2.38%"
"2022-10-12","93.12","94.47","95.91","92.31","","-1.52%"
"2022-10-11","94.56","96.62","97.25","93.88","","-2.35%"
"2022-10-10","96.84","98.78","99.50","96.44","","-1.95%"
"2022-10-9","98.77","99.52","99.52","98.50","","-0.71%"
"2022-10-7","99.48","95.79","99.54","94.86","","3.78%"
"2022-10-6","95.86","94.66","95.94","93.69","","1.26%"
"2022-10-5","94.67","92.84","94.94","91.94","","2.05%"
"2022-10-4","92.77","89.80","93.41","89.78","","3.42%"
"2022-10-3","89.70","88.95","90.84","88.10","","0.84%"
"2022-10-2","88.95","87.76","89.00","87.65","","2.96%"
"2022-9-30","86.39","88.62","89.73","86.08","","-2.38%"
"2022-9-29","88.50","88.84","89.87","87.30","","-0.66%"
"2022-9-28","89.09","86.02","89.38","84.08","","4.10%"
"2022-9-27","85.58","83.97","86.94","83.94","","1.98%"
"2022-9-26","83.92","87.04","87.67","83.62","","-3.57%"
"2022-9-25","87.03","86.75","87.03","86.45","","0.20%"
"2022-9-23","86.86","90.73","91.22","85.86","","-4.23%"
"2022-9-22","90.70","90.34","93.23","89.73","","0.28%"
"2022-9-21","90.45","91.21","93.98","89.78","","-1.02%"
"2022-9-20","91.38","92.74","93.57","90.34","","-0.92%"
"2022-9-19","92.23","92.54","93.15","89.07","","-0.35%"
"2022-9-18","92.55","91.95","92.65","91.95","","0.23%"
"2022-9-16","92.34","91.19","93.39","90.97","","0.92%"
"2022-9-15","91.50","95.44","95.44","90.81","","-4.07%"
"2022-9-14","95.38","94.31","96.65","92.76","","1.18%"
"2022-9-13","94.27","95.12","96.41","91.95","","-0.94%"
"2022-9-12","95.16","93.42","96.11","92.13","","1.90%"
"2022-9-11","93.39","93.22","93.73","93.22","","0.14%"
"2022-9-9","93.26","89.72","94.20","89.60","","4.14%"
"2022-9-8","89.55","88.96","90.93","88.31","","0.80%"
"2022-9-7","88.84","93.97","94.98","88.52","","-5.54%"
"2022-9-6","94.05","96.53","97.20","93.53","","-2.74%"
"2022-9-5","96.70","95.87","98.33","95.53","","0.90%"
"2022-9-4","95.84","94.38","95.88","94.38","","1.21%"
"2022-9-2","94.69","94.19","96.78","94.16","","1.10%"
"2022-9-1","93.66","96.73","97.19","93.31","","-2.95%"
"2022-8-31","96.51","100.00","100.63","95.96","","-3.63%"
"2022-8-30","100.15","104.65","105.24","98.28","","-4.35%"
"2022-8-29","104.70","100.62","104.99","100.50","","4.05%"
"2022-8-28","100.62","100.62","100.97","99.97","","-0.16%"
"2022-8-26","100.78","100.84","102.02","98.82","","-0.16%"
"2022-8-25","100.94","102.78","103.53","100.18","","-1.81%"
"2022-8-24","102.80","101.19","102.93","100.28","","1.59%"
"2022-8-23","101.19","98.02","101.62","97.66","","3.47%"
"2022-8-22","97.80","96.94","98.53","93.57","","0.89%"
"2022-8-21","96.94","96.96","97.06","96.69","","-0.48%"
"2022-8-19","97.41","98.31","99.52","95.87","","-0.80%"
"2022-8-18","98.20","95.03","99.19","94.76","","3.64%"
"2022-8-17","94.75","94.50","96.32","93.31","","0.23%"
"2022-8-16","94.53","95.62","97.94","93.64","","-1.05%"
"2022-8-15","95.53","99.78","100.22","94.86","","-4.24%"
"2022-8-14","99.76","100.06","100.34","99.76","","-0.74%"
"2022-8-12","100.50","101.96","103.01","99.54","","-1.45%"
"2022-8-11","101.98","99.74","102.94","99.32","","2.24%"
"2022-8-10","99.75","99.19","100.78","96.35","","0.41%"
"2022-8-9","99.34","99.28","101.35","97.79","","-0.19%"
"2022-8-8","99.53","96.98","99.81","96.00","","2.64%"
"2022-8-7","96.97","97.34","97.41","96.73","","-0.80%"
"2022-8-5","97.75","96.96","99.83","96.10","","0.84%"
"2022-8-4","96.94","100.77","101.25","96.63","","-3.70%"
"2022-8-3","100.66","103.59","106.32","100.22","","-3.01%"
"2022-8-2","103.78","103.78","106.47","102.42","","-0.07%"
"2022-8-1","103.85","107.67","108.70","103.22","","-3.55%"
"2022-7-31","107.67","108.29","108.31","107.34","","-0.54%"
"2022-7-29","108.26","107.23","111.30","106.23","","1.09%"
"2022-7-28","107.09","107.13","109.03","105.69","","-0.03%"
"2022-7-27","107.12","104.47","107.76","103.59","","2.48%"
"2022-7-26","104.53","104.65","107.43","103.94","","-0.34%"
"2022-7-25","104.89","103.64","105.47","101.63","","1.21%"
"2022-7-24","103.64","103.77","104.31","103.36","","-0.57%"
"2022-7-22","104.23","104.68","106.52","102.72","","-0.55%"
"2022-7-21","104.81","107.34","107.70","102.40","","-2.62%"
"2022-7-20","107.63","108.16","108.47","106.10","","-0.63%"
"2022-7-19","108.31","106.76","108.72","104.69","","1.38%"
"2022-7-18","106.84","101.98","107.69","100.60","","4.78%"
"2022-7-17","101.97","102.09","102.64","101.86","","-0.46%"
"2022-7-15","102.44","101.37","104.09","99.60","","1.35%"
"2022-7-14","101.08","100.79","101.91","95.96","","-0.24%"
"2022-7-13","101.32","100.07","102.85","99.88","","0.54%"
"2022-7-12","100.78","108.10","108.38","100.63","","-6.83%"
"2022-7-11","108.17","108.86","109.65","105.58","","-0.62%"
"2022-7-10","108.84","108.75","109.00","108.14","","-0.46%"
"2022-7-8","109.34","107.03","109.71","105.93","","2.67%"
"2022-7-7","106.50","102.43","108.68","100.69","","4.37%"
"2022-7-6","102.04","107.41","108.28","100.84","","-4.87%"
"2022-7-5","107.26","116.29","117.47","103.56","","-7.86%"
"2022-7-4","116.41","114.08","116.84","113.16","","2.04%"
"2022-7-3","114.08","114.37","114.66","114.05","","-0.37%"
"2022-7-1","114.50","112.54","115.58","111.05","","1.97%"
"2022-6-30","112.29","115.58","116.51","111.34","","-2.80%"
"2022-6-29","115.52","117.25","119.69","115.09","","-1.59%"
"2022-6-28","117.39","115.06","117.61","114.92","","2.34%"
"2022-6-27","114.71","111.44","115.41","110.55","","2.93%"
"2022-6-26","111.44","112.03","112.16","110.78","","-0.67%"
"2022-6-24","112.19","110.09","113.94","109.34","","2.15%"
"2022-6-23","109.83","110.09","113.15","108.65","","-0.79%"
"2022-6-22","110.70","115.03","115.16","107.71","","-4.11%"
"2022-6-21","115.44","115.04","117.04","114.83","","0.16%"
"2022-6-20","115.26","114.85","115.35","112.40","","0.37%"
"2022-6-19","114.84","114.52","115.22","114.42","","0.24%"
"2022-6-17","114.56","120.25","122.41","112.85","","-4.67%"
"2022-6-16","120.17","120.75","121.50","116.79","","0.00%"
"2022-6-15","120.17","122.20","123.22","119.07","","-1.75%"
"2022-6-14","122.31","123.40","126.62","120.34","","-1.15%"
"2022-6-13","123.73","121.70","125.13","120.44","","1.67%"
"2022-6-12","121.70","122.88","123.04","121.50","","-1.52%"
"2022-6-10","123.58","124.64","126.13","121.60","","-0.94%"
"2022-6-9","124.75","125.53","126.23","124.43","","-0.79%"
"2022-6-8","125.74","122.47","126.38","122.38","","2.34%"
"2022-6-7","122.87","121.89","123.38","120.61","","0.71%"
"2022-6-6","122.00","123.35","123.57","120.84","","-1.09%"
"2022-6-5","123.35","123.64","123.97","123.31","","-0.27%"
"2022-6-3","123.68","120.50","123.80","118.28","","2.64%"
"2022-6-2","120.50","117.08","120.84","114.78","","1.91%"
"2022-6-1","118.24","118.53","121.04","117.83","","-0.40%"
"2022-5-31","118.72","120.78","123.41","117.69","","-1.32%"
"2022-5-30","120.31","118.66","120.54","118.50","","1.36%"
"2022-5-29","118.69","117.97","118.85","117.97","","0.40%"
"2022-5-27","118.22","117.06","118.62","115.97","","0.95%"
"2022-5-26","117.11","114.19","117.65","113.67","","2.44%"
"2022-5-25","114.32","114.09","115.27","113.04","","0.46%"
"2022-5-24","113.80","113.04","114.85","111.96","","0.10%"
"2022-5-23","113.69","113.02","114.59","112.17","","0.57%"
"2022-5-22","113.05","112.75","113.15","112.23","","0.00%"
"2022-5-20","113.05","111.90","113.61","110.92","","1.11%"
"2022-5-19","111.81","108.46","112.71","106.10","","1.93%"
"2022-5-18","109.69","113.32","114.60","108.81","","-3.12%"
"2022-5-17","113.22","114.82","116.16","111.57","","-1.10%"
"2022-5-16","114.48","112.91","115.30","109.50","","1.40%"
"2022-5-15","112.90","112.25","112.98","111.97","","1.03%"
"2022-5-13","111.75","109.13","112.28","108.38","","3.02%"
"2022-5-12","108.47","108.41","109.28","105.31","","0.28%"
"2022-5-11","108.17","102.34","108.92","101.91","","5.85%"
"2022-5-10","102.19","106.06","107.56","102.18","","-3.58%"
"2022-5-9","105.98","112.56","113.93","105.66","","-5.85%"
"2022-5-8","112.57","113.74","113.74","112.19","","-1.18%"
"2022-5-6","113.91","112.07","114.33","110.71","","1.84%"
"2022-5-5","111.85","111.38","114.86","110.09","","0.77%"
"2022-5-4","111.00","106.72","111.85","106.30","","4.01%"
"2022-5-3","106.72","108.45","109.20","105.53","","-1.66%"
"2022-5-2","108.52","107.85","109.29","104.00","","0.61%"
"2022-5-1","107.86","107.04","108.31","106.55","","0.25%"
"2022-4-29","107.59","108.17","111.02","107.18","","-0.59%"
"2022-4-28","108.23","105.69","108.72","103.91","","2.20%"
"2022-4-27","105.90","106.12","107.02","104.03","","-0.19%"
"2022-4-26","106.10","103.31","106.85","101.96","","2.67%"
"2022-4-25","103.34","105.66","106.00","100.31","","-2.20%"
"2022-4-24","105.66","106.38","106.40","105.22","","-1.12%"
"2022-4-22","106.86","109.15","109.59","106.25","","-2.49%"
"2022-4-21","109.59","108.03","110.73","107.71","","1.22%"
"2022-4-20","108.27","109.22","110.04","105.67","","-0.29%"
"2022-4-19","108.59","114.20","115.39","107.94","","-4.70%"
"2022-4-18","113.94","114.52","116.15","111.99","","-0.51%"
"2022-4-17","114.52","113.56","114.98","113.40","","1.18%"
"2022-4-14","113.19","109.95","114.09","108.31","","2.40%"
"2022-4-13","110.54","107.10","110.77","105.79","","3.67%"
"2022-4-12","106.63","101.09","107.41","100.63","","5.43%"
"2022-4-11","101.14","103.12","103.55","99.40","","-1.92%"
"2022-4-10","103.12","104.69","104.79","103.03","","-1.36%"
"2022-4-8","104.54","103.50","105.47","101.81","","0.91%"
"2022-4-7","103.60","104.31","105.88","100.69","","-0.41%"
"2022-4-6","104.03","108.09","111.18","102.97","","-3.77%"
"2022-4-5","108.10","111.41","112.56","107.08","","-2.23%"
"2022-4-4","110.56","106.13","111.28","105.68","","4.19%"
"2022-4-3","106.11","106.05","106.40","105.94","","-1.10%"
"2022-4-1","107.29","108.24","109.13","105.26","","-1.23%"
"2022-3-31","108.63","114.21","114.38","107.15","","-4.89%"
"2022-3-30","114.22","113.28","115.65","111.19","","2.05%"
"2022-3-29","111.93","110.52","115.26","105.44","","1.73%"
"2022-3-28","110.03","117.79","118.50","109.50","","-6.58%"
"2022-3-27","117.78","118.77","118.85","116.69","","-1.95%"
"2022-3-25","120.12","119.19","121.72","115.84","","1.31%"
"2022-3-24","118.57","122.23","124.44","117.53","","-2.91%"
"2022-3-23","122.12","115.20","123.09","115.17","","5.98%"
"2022-3-22","115.23","118.29","120.29","113.47","","-1.67%"
"2022-3-21","117.19","110.22","117.66","110.22","","6.36%"
"2022-3-20","110.18","108.92","110.33","108.91","","1.06%"
"2022-3-18","109.02","107.84","110.65","106.84","","0.96%"
"2022-3-17","107.98","99.76","108.63","98.92","","9.04%"
"2022-3-16","99.03","100.47","104.84","98.06","","-0.69%"
"2022-3-15","99.72","106.61","106.96","98.63","","-7.00%"
"2022-3-14","107.23","112.26","112.32","104.83","","-4.51%"
"2022-3-13","112.30","113.77","114.26","111.48","","-1.57%"
"2022-3-11","114.09","111.84","115.57","108.79","","2.95%"
"2022-3-10","110.82","114.53","120.16","110.62","","-3.03%"
"2022-3-9","114.28","132.13","133.76","108.50","","-13.03%"
"2022-3-8","131.40","127.12","135.36","123.48","","3.85%"
"2022-3-7","126.53","132.49","133.01","121.17","","-4.51%"
"2022-3-6","132.50","125.89","140.64","125.89","","10.07%"
"2022-3-4","120.38","115.77","121.32","111.81","","6.82%"
"2022-3-3","112.69","117.39","122.25","111.73","","-3.64%"
"2022-3-2","116.95","109.51","117.55","109.12","","6.41%"
"2022-3-1","109.90","100.50","109.93","100.46","","9.53%"
"2022-2-28","100.34","101.63","102.39","99.24","","-1.26%"
"2022-2-27","101.62","99.17","103.52","99.17","","4.91%"
"2022-2-25","96.86","99.63","100.79","95.09","","-1.42%"
"2022-2-24","98.26","97.51","104.85","96.53","","1.12%"
"2022-2-23","97.17","96.09","98.24","95.25","","1.20%"
"2022-2-22","96.02","97.06","99.05","95.47","","-1.44%"
"2022-2-21","97.42","94.96","97.52","92.78","","2.58%"
"2022-2-20","94.97","94.49","95.22","94.49","","0.94%"
"2022-2-18","94.09","93.03","94.44","90.55","","0.91%"
"2022-2-17","93.24","92.57","94.81","92.47","","0.94%"
"2022-2-16","92.37","93.81","96.42","91.47","","-1.60%"
"2022-2-15","93.87","96.22","96.65","92.45","","-2.41%"
"2022-2-14","96.19","95.85","97.18","93.86","","0.37%"
"2022-2-13","95.84","95.61","95.92","95.19","","0.32%"
"2022-2-11","95.53","91.63","96.16","90.99","","3.94%"
"2022-2-10","91.91","92.23","93.59","91.40","","-0.42%"
"2022-2-9","92.30","91.60","92.60","90.57","","0.51%"
"2022-2-8","91.83","93.19","93.49","90.49","","-1.82%"
"2022-2-7","93.53","93.50","94.59","92.72","","0.01%"
"2022-2-6","93.52","93.46","93.67","93.07","","0.07%"
"2022-2-4","93.45","91.93","94.37","91.87","","1.93%"
"2022-2-3","91.68","89.75","91.99","88.68","","1.91%"
"2022-2-2","89.96","90.16","91.21","88.98","","-0.07%"
"2022-2-1","90.02","90.36","90.68","88.45","","-0.04%"
"2022-1-31","90.06","90.15","90.56","88.84","","-0.08%"
"2022-1-30","90.13","90.05","90.20","89.95","","0.35%"
"2022-1-28","89.82","89.51","91.09","88.97","","0.14%"
"2022-1-27","89.69","89.34","90.59","88.63","","0.35%"
"2022-1-26","89.38","87.84","90.15","87.56","","1.67%"
"2022-1-25","87.91","86.75","88.23","86.15","","0.83%"
"2022-1-24","87.19","88.69","88.95","85.10","","-1.70%"
"2022-1-23","88.70","87.97","88.70","87.69","","1.01%"
"2022-1-21","87.81","86.75","88.30","85.79","","0.35%"
"2022-1-20","87.50","87.90","89.58","87.14","","-0.32%"
"2022-1-19","87.78","88.79","89.25","87.70","","-0.99%"
"2022-1-18","88.66","86.59","88.75","86.53","","2.33%"
"2022-1-17","86.64","86.64","86.80","85.65","","-0.01%"
"2022-1-16","86.65","86.56","86.80","86.43","","0.20%"
"2022-1-14","86.48","84.21","86.62","84.12","","2.67%"
"2022-1-13","84.23","84.98","85.19","83.92","","-0.84%"
"2022-1-12","84.94","83.94","85.33","83.65","","1.24%"
"2022-1-11","83.90","81.30","84.11","81.02","","3.40%"
"2022-1-10","81.14","81.60","82.43","80.64","","-0.55%"
"2022-1-9","81.59","82.03","82.03","81.41","","-0.43%"
"2022-1-7","81.94","82.15","83.15","81.61","","-0.22%"
"2022-1-6","82.12","80.33","82.98","79.77","","2.19%"
"2022-1-5","80.36","80.23","81.65","79.72","","0.04%"
"2022-1-4","80.33","79.07","80.72","78.78","","1.57%"
"2022-1-3","79.09","78.58","79.43","77.20","","0.66%"
"2022-1-2","78.57","78.28","78.65","78.28","","0.61%"
"2021-12-31","78.09","79.03","79.87","77.74","","-1.53%"
"2021-12-30","79.30","79.29","80.21","78.61","","-0.14%"
"2021-12-29","79.41","79.16","80.23","78.31","","0.44%"
"2021-12-28","79.06","78.50","79.68","78.27","","0.32%"
"2021-12-27","78.81","76.34","78.88","75.59","","3.26%"
"2021-12-26","76.32","76.41","76.45","76.05","","0.67%"
"2021-12-24","75.81","76.77","76.77","75.62","","-1.22%"
"2021-12-23","76.75","75.68","77.02","75.00","","1.23%"
"2021-12-22","75.82","74.28","75.88","73.87","","2.18%"
"2021-12-21","74.20","72.13","74.52","71.48","","2.61%"
"2021-12-20","72.31","72.37","72.69","69.54","","-0.04%"
"2021-12-19","72.34","72.97","72.98","71.97","","-1.35%"
"2021-12-17","73.33","74.90","75.32","72.99","","-2.15%"
"2021-12-16","74.94","74.80","75.95","74.36","","0.25%"
"2021-12-15","74.75","73.62","74.96","72.88","","1.56%"
"2021-12-14","73.60","74.88","75.56","72.97","","-1.42%"
"2021-12-13","74.66","76.31","76.83","74.62","","-2.16%"
"2021-12-12","76.31","75.85","76.38","75.85","","0.58%"
"2021-12-10","75.87","74.52","76.22","74.32","","1.77%"
"2021-12-9","74.55","76.47","77.24","74.38","","-2.51%"
"2021-12-8","76.47","76.02","76.94","74.94","","0.78%"
"2021-12-7","75.88","74.07","76.81","73.79","","2.33%"
"2021-12-6","74.15","71.75","74.37","71.41","","3.34%"
"2021-12-5","71.75","70.97","71.84","70.97","","1.70%"
"2021-12-3","70.55","70.92","73.25","69.87","","-0.80%"
"2021-12-2","71.12","70.31","71.35","66.41","","2.26%"
"2021-12-1","69.55","70.47","73.56","68.81","","-1.93%"
"2021-11-30","70.92","74.91","75.08","68.19","","-4.12%"
"2021-11-29","73.97","75.31","76.72","72.93","","-1.78%"
"2021-11-28","75.31","73.56","75.68","73.56","","3.76%"
"2021-11-26","72.58","81.05","81.21","71.84","","-11.51%"
"2021-11-25","82.02","81.94","82.35","81.47","","0.06%"
"2021-11-24","81.97","81.84","82.86","81.63","","-0.19%"
"2021-11-23","82.13","79.69","82.59","78.75","","3.11%"
"2021-11-22","79.65","78.59","80.28","78.33","","1.34%"
"2021-11-21","78.60","78.77","78.77","77.80","","0.98%"
"2021-11-19","77.84","80.29","81.53","77.47","","-3.23%"
"2021-11-18","80.44","79.35","80.71","78.59","","1.09%"
"2021-11-17","79.57","81.36","81.50","79.17","","-2.62%"
"2021-11-16","81.71","81.25","82.44","80.91","","0.29%"
"2021-11-15","81.47","82.70","82.77","80.47","","-1.46%"
"2021-11-14","82.68","82.61","82.87","82.55","","0.29%"
"2021-11-12","82.44","83.33","83.33","81.72","","-0.75%"
"2021-11-11","83.06","83.37","83.88","82.15","","-0.17%"
"2021-11-10","83.20","85.50","86.02","82.60","","-2.95%"
"2021-11-9","85.73","84.00","85.80","83.71","","1.79%"
"2021-11-8","84.22","83.50","84.56","83.44","","0.86%"
"2021-11-7","83.50","83.12","83.63","83.12","","0.63%"
"2021-11-5","82.98","81.93","83.78","80.87","","1.74%"
"2021-11-4","81.56","82.19","85.16","80.85","","-0.48%"
"2021-11-3","81.95","84.72","84.88","81.77","","-3.33%"
"2021-11-2","84.77","85.22","85.94","84.48","","-0.56%"
"2021-11-1","85.25","84.00","85.87","83.83","","1.51%"
"2021-10-31","83.98","84.10","84.28","83.77","","-0.60%"
"2021-10-29","84.49","84.52","85.08","83.38","","-0.28%"
"2021-10-28","84.73","84.38","84.81","82.43","","0.47%"
"2021-10-27","84.33","86.18","86.42","84.19","","-2.26%"
"2021-10-26","86.28","86.15","86.64","85.46","","0.27%"
"2021-10-25","86.05","85.59","86.69","85.56","","0.54%"
"2021-10-24","85.59","85.76","85.80","85.44","","-0.26%"
"2021-10-22","85.81","84.76","86.02","84.06","","0.95%"
"2021-10-21","85.00","86.10","86.36","83.62","","-1.33%"
"2021-10-20","86.15","85.50","86.18","83.93","","0.87%"
"2021-10-19","85.41","84.52","85.72","84.03","","1.14%"
"2021-10-18","84.45","85.69","86.39","84.30","","-1.42%"
"2021-10-17","85.67","85.31","85.78","85.31","","0.46%"
"2021-10-15","85.28","84.73","85.53","84.60","","0.86%"
"2021-10-14","84.55","83.97","84.96","83.64","","0.88%"
"2021-10-13","83.81","83.57","84.17","82.75","","0.00%"
"2021-10-12","83.81","84.05","84.75","83.23","","-0.44%"
"2021-10-11","84.18","83.14","85.15","83.09","","1.24%"
"2021-10-10","83.15","83.13","83.73","83.12","","-0.01%"
"2021-10-8","83.16","83.01","84.05","82.57","","0.08%"
"2021-10-7","83.09","81.62","83.15","79.71","","1.98%"
"2021-10-6","81.48","83.29","84.15","81.27","","-2.13%"
"2021-10-5","83.25","81.96","83.83","81.88","","1.51%"
"2021-10-4","82.01","80.00","82.73","79.46","","2.55%"
"2021-10-3","79.97","80.09","80.20","79.83","","0.08%"
"2021-10-1","79.91","79.35","80.19","78.34","","0.99%"
"2021-9-30","79.13","78.64","80.11","77.32","","0.48%"
"2021-9-29","78.75","78.37","79.56","77.59","","0.60%"
"2021-9-28","78.28","79.47","80.82","78.22","","-1.47%"
"2021-9-27","79.45","78.90","79.93","78.72","","0.70%"
"2021-9-26","78.90","78.28","78.90","78.28","","0.97%"
"2021-9-24","78.14","77.44","78.35","77.03","","0.96%"
"2021-9-23","77.40","76.07","77.50","75.76","","1.80%"
"2021-9-22","76.03","74.76","76.43","74.67","","1.55%"
"2021-9-21","74.87","74.59","75.37","73.45","","0.58%"
"2021-9-20","74.44","75.25","75.41","73.72","","-1.08%"
"2021-9-19","75.25","75.48","75.62","75.08","","-0.45%"
"2021-9-17","75.59","75.88","76.04","74.87","","-0.41%"
"2021-9-16","75.90","75.67","76.17","74.78","","0.13%"
"2021-9-15","75.80","74.21","76.44","74.09","","2.09%"
"2021-9-14","74.25","73.95","74.59","73.41","","0.38%"
"2021-9-13","73.97","73.63","74.26","73.37","","0.46%"
"2021-9-12","73.63","73.17","73.70","73.03","","0.49%"
"2021-9-10","73.27","71.68","73.53","71.34","","2.13%"
"2021-9-9","71.74","72.96","73.61","71.29","","-1.85%"
"2021-9-8","73.09","72.09","73.37","71.98","","1.56%"
"2021-9-7","71.97","72.61","73.25","71.54","","-0.81%"
"2021-9-6","72.56","72.52","73.24","71.97","","0.06%"
"2021-9-5","72.52","72.98","73.06","72.50","","-0.64%"
"2021-9-3","72.99","73.37","74.21","72.93","","-0.48%"
"2021-9-2","73.34","71.79","74.00","71.44","","2.09%"
"2021-9-1","71.84","72.21","72.94","70.97","","-0.57%"
"2021-8-31","72.25","72.72","72.94","71.94","","-0.61%"
"2021-8-30","72.69","73.18","73.18","71.61","","-0.66%"
"2021-8-29","73.17","72.75","73.28","72.61","","1.23%"
"2021-8-27","72.28","71.23","72.39","70.86","","1.53%"
"2021-8-26","71.19","71.61","71.78","70.42","","-0.67%"
"2021-8-25","71.67","70.87","72.11","70.47","","0.76%"
"2021-8-24","71.13","68.89","71.28","68.77","","3.04%"
"2021-8-23","69.03","65.71","69.17","65.71","","5.05%"
"2021-8-22","65.71","65.22","65.81","65.15","","0.61%"
"2021-8-20","65.31","66.94","67.27","65.31","","-2.32%"
"2021-8-19","66.86","67.97","68.03","65.95","","-1.50%"
"2021-8-18","67.88","69.40","70.44","67.63","","-2.37%"
"2021-8-17","69.53","70.22","70.45","69.29","","-0.71%"
"2021-8-16","70.03","70.74","70.88","68.64","","-1.02%"
"2021-8-15","70.75","70.63","70.94","70.55","","-0.11%"
"2021-8-13","70.83","71.67","71.96","70.60","","-1.32%"
"2021-8-12","71.78","72.07","72.40","71.31","","-0.51%"
"2021-8-11","72.15","71.33","72.20","69.60","","1.04%"
"2021-8-10","71.41","69.93","71.79","69.50","","2.35%"
"2021-8-9","69.77","70.17","70.23","68.17","","-0.57%"
"2021-8-8","70.17","70.84","70.84","69.66","","-1.13%"
"2021-8-6","70.97","71.88","73.12","70.97","","-1.31%"
"2021-8-5","71.91","71.02","72.22","70.46","","1.25%"
"2021-8-4","71.02","73.11","73.59","70.84","","-2.82%"
"2021-8-3","73.08","73.89","74.35","71.84","","-1.28%"
"2021-8-2","74.03","75.99","76.02","73.15","","-2.57%"
"2021-8-1","75.98","76.09","76.20","75.97","","-0.14%"
"2021-7-30","76.09","75.74","76.61","75.34","","0.37%"
"2021-7-29","75.81","74.85","76.14","74.68","","1.28%"
"2021-7-28","74.85","74.85","75.37","74.50","","0.07%"
"2021-7-27","74.80","74.80","75.14","74.13","","-0.15%"
"2021-7-26","74.91","74.27","74.94","72.88","","0.69%"
"2021-7-23","74.40","73.78","74.41","73.51","","0.76%"
"2021-7-22","73.84","72.44","74.11","71.96","","1.93%"
"2021-7-21","72.44","69.19","72.59","68.87","","5.15%"
"2021-7-20","68.89","69.31","69.97","67.71","","-0.19%"
"2021-7-19","69.02","73.34","73.53","68.16","","-5.93%"
"2021-7-18","73.37","73.28","73.62","72.91","","-0.18%"
"2021-7-16","73.50","73.47","74.45","72.71","","-0.16%"
"2021-7-15","73.62","74.90","74.96","73.58","","-1.76%"
"2021-7-14","74.94","76.68","77.13","74.23","","-2.40%"
"2021-7-13","76.78","75.74","77.04","75.38","","1.53%"
"2021-7-12","75.62","76.08","76.18","74.69","","-0.62%"
"2021-7-11","76.09","76.17","76.31","76.05","","-0.04%"
"2021-7-9","76.12","74.88","76.34","74.32","","1.66%"
"2021-7-8","74.88","73.91","74.95","72.66","","1.30%"
"2021-7-7","73.92","75.32","76.58","73.18","","-2.13%"
"2021-7-6","75.53","77.72","78.46","74.74","","-2.87%"
"2021-7-5","77.76","76.78","77.89","76.34","","1.28%"
"2021-7-4","76.78","76.84","76.91","76.64","","0.00%"
"2021-7-2","76.78","76.33","77.15","75.95","","0.60%"
"2021-7-1","76.32","75.40","77.47","75.28","","1.25%"
"2021-6-30","75.38","75.38","76.09","74.68","","-0.04%"
"2021-6-29","75.41","74.88","75.76","74.13","","0.80%"
"2021-6-28","74.81","76.32","76.61","74.73","","-1.99%"
"2021-6-27","76.33","76.15","76.34","76.15","","0.22%"
"2021-6-25","76.16","75.59","76.25","75.01","","0.71%"
"2021-6-24","75.62","75.34","75.81","74.56","","0.21%"
"2021-6-23","75.46","74.81","76.05","74.77","","0.87%"
"2021-6-22","74.81","74.91","75.37","74.40","","-0.12%"
"2021-6-21","74.90","73.70","75.01","73.05","","1.56%"
"2021-6-20","73.75","73.34","73.88","73.34","","0.66%"
"2021-6-18","73.27","73.02","73.84","72.27","","0.23%"
"2021-6-17","73.10","73.91","74.57","72.11","","-1.14%"
"2021-6-16","73.94","74.34","75.05","73.94","","-0.54%"
"2021-6-15","74.34","73.13","74.42","72.90","","1.56%"
"2021-6-14","73.20","72.87","73.74","72.73","","0.44%"
"2021-6-13","72.88","72.75","72.95","72.69","","0.22%"
"2021-6-11","72.72","72.50","73.20","72.00","","0.28%"
"2021-6-10","72.52","72.14","73.04","71.09","","0.46%"
"2021-6-9","72.19","72.29","73.00","71.96","","0.00%"
"2021-6-8","72.19","71.54","72.56","70.85","","0.82%"
"2021-6-7","71.60","72.09","72.41","71.25","","-0.68%"
"2021-6-6","72.09","71.85","72.10","71.84","","0.40%"
"2021-6-4","71.80","71.42","72.32","70.91","","0.34%"
"2021-6-3","71.56","71.41","72.15","70.83","","0.25%"
"2021-6-2","71.38","70.67","71.65","70.53","","0.83%"
"2021-6-1","70.79","69.54","71.51","69.46","","1.93%"
"2021-5-31","69.45","69.11","70.00","68.93","","0.51%"
"2021-5-30","69.10","69.23","69.28","69.06","","-0.16%"
"2021-5-28","69.21","69.66","69.93","68.78","","-0.26%"
"2021-5-27","69.39","68.85","69.45","68.15","","0.80%"
"2021-5-26","68.84","68.60","69.22","68.09","","0.28%"
"2021-5-25","68.65","68.57","68.95","67.91","","0.26%"
"2021-5-24","68.47","66.59","68.71","66.56","","2.87%"
"2021-5-23","66.56","66.70","66.75","66.55","","-0.37%"
"2021-5-21","66.81","65.34","67.06","64.71","","2.53%"
"2021-5-20","65.16","66.78","67.32","64.95","","-2.48%"
"2021-5-19","66.82","68.57","68.63","65.47","","-2.74%"
"2021-5-18","68.70","69.75","70.43","67.48","","-1.51%"
"2021-5-17","69.75","69.11","69.83","68.44","","0.91%"
"2021-5-16","69.12","69.03","69.24","68.97","","0.04%"
"2021-5-14","69.09","67.27","69.12","66.77","","2.71%"
"2021-5-13","67.27","69.15","69.31","66.75","","-2.94%"
"2021-5-12","69.31","69.08","70.19","68.47","","0.49%"
"2021-5-11","68.97","68.65","69.05","67.45","","0.61%"
"2021-5-10","68.55","69.22","69.51","67.74","","-0.97%"
"2021-5-9","69.22","69.00","69.31","68.90","","0.92%"
"2021-5-7","68.59","68.65","69.01","67.76","","-0.06%"
"2021-5-6","68.63","68.84","69.75","68.35","","-0.42%"
"2021-5-5","68.92","69.88","70.36","68.75","","-1.13%"
"2021-5-4","69.71","68.12","69.74","67.78","","2.42%"
"2021-5-3","68.06","67.34","68.25","66.53","","1.07%"
"2021-5-2","67.34","67.18","67.37","67.12","","0.31%"
"2021-4-30","67.13","68.37","68.45","66.76","","-1.99%"
"2021-4-29","68.49","67.19","68.93","67.14","","2.18%"
"2021-4-28","67.03","66.58","67.86","66.15","","0.59%"
"2021-4-27","66.64","65.80","66.82","65.69","","1.31%"
"2021-4-26","65.78","65.90","66.28","64.60","","-0.18%"
"2021-4-25","65.90","66.10","66.22","65.87","","-0.20%"
"2021-4-23","66.03","65.80","66.34","65.21","","0.43%"
"2021-4-22","65.75","65.15","65.87","64.63","","1.00%"
"2021-4-21","65.10","66.34","66.57","65.02","","-1.91%"
"2021-4-20","66.37","67.25","68.12","65.58","","-1.19%"
"2021-4-19","67.17","66.47","67.29","66.24","","1.05%"
"2021-4-18","66.47","66.78","66.83","66.45","","-0.48%"
"2021-4-16","66.79","66.94","67.45","66.55","","-0.15%"
"2021-4-15","66.89","66.40","67.11","66.03","","0.83%"
"2021-4-14","66.34","64.10","66.97","63.96","","3.61%"
"2021-4-13","64.03","63.40","64.26","63.27","","1.28%"
"2021-4-12","63.22","63.37","64.38","62.50","","-0.24%"
"2021-4-11","63.37","63.09","63.39","63.09","","0.40%"
"2021-4-9","63.12","63.36","63.59","62.68","","-0.50%"
"2021-4-8","63.44","63.15","63.53","62.49","","0.65%"
"2021-4-7","63.03","62.73","63.66","61.72","","0.35%"
"2021-4-6","62.81","62.45","64.39","62.19","","0.69%"
"2021-4-5","62.38","64.79","64.88","61.37","","-3.70%"
"2021-4-4","64.78","64.88","64.90","64.41","","0.00%"
"2021-4-1","64.78","63.27","65.30","62.54","","2.53%"
"2021-3-31","63.18","64.17","64.96","62.68","","-1.54%"
"2021-3-30","64.17","65.52","65.52","63.67","","-1.75%"
"2021-3-29","65.31","64.55","65.55","63.21","","1.18%"
"2021-3-28","64.55","64.66","64.66","64.12","","0.03%"
"2021-3-26","64.53","62.14","65.04","62.09","","4.16%"
"2021-3-25","61.95","64.08","64.35","61.16","","-3.71%"
"2021-3-24","64.34","60.75","64.74","60.67","","6.15%"
"2021-3-23","60.61","64.53","64.53","60.48","","-6.06%"
"2021-3-22","64.52","64.23","65.30","63.70","","0.44%"
"2021-3-21","64.24","64.38","64.56","64.19","","-0.99%"
"2021-3-19","64.88","63.31","65.23","62.39","","2.58%"
"2021-3-18","63.25","68.29","68.52","61.85","","-7.20%"
"2021-3-17","68.16","68.85","69.28","67.36","","-1.09%"
"2021-3-16","68.91","69.28","69.38","67.80","","-0.39%"
"2021-3-15","69.18","69.96","70.49","68.30","","-1.10%"
"2021-3-14","69.95","69.81","70.19","69.78","","0.33%"
"2021-3-12","69.72","70.00","70.44","69.57","","-0.60%"
"2021-3-11","70.14","69.00","70.41","68.56","","2.07%"
"2021-3-10","68.72","67.90","69.01","67.09","","1.24%"
"2021-3-9","67.88","68.73","69.95","67.73","","-1.22%"
"2021-3-8","68.72","71.10","72.04","68.46","","-3.33%"
"2021-3-7","71.09","70.66","71.77","70.66","","1.15%"
"2021-3-5","70.28","67.91","70.42","67.38","","3.44%"
"2021-3-4","67.94","64.78","68.46","64.08","","5.07%"
"2021-3-3","64.66","63.11","65.43","63.11","","2.16%"
"2021-3-2","63.29","63.91","64.88","63.12","","-1.22%"
"2021-3-1","64.07","66.19","66.71","63.94","","-1.88%"
"2021-2-26","65.30","66.82","66.88","65.12","","-2.42%"
"2021-2-25","66.92","67.33","67.73","66.56","","-0.62%"
"2021-2-24","67.34","65.18","67.38","64.82","","3.35%"
"2021-2-23","65.16","65.43","66.81","64.52","","-1.05%"
"2021-2-22","65.85","63.36","65.90","63.23","","4.86%"
"2021-2-19","62.80","63.35","64.01","62.19","","-1.24%"
"2021-2-18","63.59","65.17","65.60","63.31","","-2.05%"
"2021-2-17","64.92","63.21","65.06","62.84","","1.96%"
"2021-2-16","63.67","63.53","63.80","62.80","","0.43%"
"2021-2-15","63.40","63.20","63.88","63.16","","0.94%"
"2021-2-12","62.81","60.92","62.97","60.49","","2.97%"
"2021-2-11","61.00","61.18","61.64","60.88","","-0.38%"
"2021-2-10","61.23","61.36","61.85","61.03","","-0.31%"
"2021-2-9","61.42","61.03","61.48","60.22","","0.92%"
"2021-2-8","60.86","60.06","60.86","59.95","","1.84%"
"2021-2-5","59.76","59.38","59.98","59.27","","0.81%"
"2021-2-4","59.28","58.73","59.28","58.26","","0.75%"
"2021-2-3","58.84","58.02","59.12","57.71","","1.36%"
"2021-2-2","58.05","56.61","58.26","56.54","","2.80%"
"2021-2-1","56.47","55.12","56.72","55.02","","2.21%"
"2021-1-29","55.25","55.29","56.27","55.14","","0.00%"
"2021-1-28","55.25","55.36","56.45","55.17","","-0.50%"
"2021-1-27","55.53","56.06","56.45","55.20","","-0.98%"
"2021-1-26","56.08","55.94","56.34","55.40","","0.25%"
"2021-1-25","55.94","55.38","56.00","55.10","","1.56%"
"2021-1-22","55.08","55.96","56.02","54.48","","-1.94%"
"2021-1-21","56.17","55.85","56.23","55.48","","0.86%"
"2021-1-20","55.69","56.00","56.61","55.66","","-0.46%"
"2021-1-19","55.95","55.02","56.06","54.89","","2.19%"
"2021-1-18","54.75","54.91","55.19","54.48","","-0.22%"
"2021-1-15","54.87","56.40","56.48","54.66","","-2.78%"
"2021-1-14","56.44","55.88","56.52","55.23","","0.98%"
"2021-1-13","55.89","56.87","57.39","55.77","","-1.52%"
"2021-1-12","56.75","55.63","56.77","55.50","","2.01%"
"2021-1-11","55.63","55.91","55.98","54.97","","-1.05%"
"2021-1-8","56.22","54.54","56.28","54.35","","3.16%"
"2021-1-7","54.50","54.17","54.86","53.92","","0.65%"
"2021-1-6","54.15","53.64","54.69","53.09","","1.14%"
"2021-1-5","53.54","50.86","53.81","50.68","","5.77%"
"2021-1-4","50.62","51.70","53.30","50.55","","-2.07%"
"2020-12-31","51.69","51.46","51.79","50.87","","0.49%"
"2020-12-30","51.44","51.32","51.88","50.91","","0.39%"
"2020-12-29","51.24","51.02","51.65","50.92","","0.63%"
"2020-12-28","50.92","50.89","52.01","50.74","","-0.82%"
"2020-12-24","51.34","51.08","51.75","50.61","","0.41%"
"2020-12-23","51.13","49.58","51.55","49.19","","2.65%"
"2020-12-22","49.81","50.54","50.84","49.53","","-2.01%"
"2020-12-21","50.83","51.54","51.56","49.18","","-2.79%"
"2020-12-18","52.29","51.45","52.43","51.11","","1.61%"
"2020-12-17","51.46","51.08","51.85","51.06","","0.68%"
"2020-12-16","51.11","50.59","51.16","50.32","","0.93%"
"2020-12-15","50.64","50.24","50.84","49.74","","0.68%"
"2020-12-14","50.30","50.04","50.75","49.18","","0.74%"
"2020-12-11","49.93","50.47","50.69","49.71","","-0.85%"
"2020-12-10","50.36","49.00","51.00","48.81","","2.86%"
"2020-12-9","48.96","48.75","49.48","48.35","","0.43%"
"2020-12-8","48.75","48.50","48.94","48.06","","0.27%"
"2020-12-7","48.62","48.98","49.37","48.34","","-0.73%"
"2020-12-4","48.98","48.86","49.79","48.77","","0.51%"
"2020-12-3","48.73","47.92","48.84","47.61","","1.75%"
"2020-12-2","47.89","46.95","48.68","46.75","","1.50%"
"2020-12-1","47.18","47.69","48.22","46.82","","-0.94%"
"2020-11-30","47.63","47.73","48.20","47.00","","-1.12%"
"2020-11-27","48.17","47.79","48.38","47.30","","0.82%"
"2020-11-26","47.78","48.66","49.00","47.46","","-2.03%"
"2020-11-25","48.77","47.72","48.94","47.62","","1.97%"
"2020-11-24","47.83","45.87","47.91","45.84","","4.62%"
"2020-11-23","45.72","45.02","45.99","44.79","","1.74%"
"2020-11-20","44.94","43.98","45.03","43.89","","2.16%"
"2020-11-19","43.99","43.81","44.39","43.62","","-0.02%"
"2020-11-18","44.00","43.52","44.68","43.28","","0.92%"
"2020-11-17","43.60","43.72","44.05","42.88","","-0.23%"
"2020-11-16","43.70","42.81","44.42","42.77","","2.97%"
"2020-11-13","42.44","42.80","43.07","42.39","","-1.30%"
"2020-11-12","43.00","43.39","44.19","43.00","","-1.04%"
"2020-11-11","43.45","43.41","44.99","43.30","","-0.64%"
"2020-11-10","43.73","41.44","43.75","41.41","","4.79%"
"2020-11-9","41.73","39.75","43.15","39.64","","6.02%"
"2020-11-6","39.36","40.14","40.33","39.01","","-2.69%"
"2020-11-5","40.45","40.62","41.15","39.96","","-0.95%"
"2020-11-4","40.84","39.77","40.95","39.05","","2.59%"
"2020-11-3","39.81","38.85","40.05","38.28","","2.50%"
"2020-11-2","38.84","35.81","38.96","35.67","","3.63%"
"2020-10-30","37.48","37.78","38.25","36.99","","-0.66%"
"2020-10-29","37.73","39.41","39.50","36.84","","-3.48%"
"2020-10-28","39.09","40.58","40.66","38.79","","-3.88%"
"2020-10-27","40.67","40.44","41.44","40.36","","0.64%"
"2020-10-26","40.41","41.06","41.27","40.17","","-2.74%"
"2020-10-23","41.55","42.27","42.69","41.41","","-1.77%"
"2020-10-22","42.30","41.49","42.66","41.34","","1.71%"
"2020-10-21","41.59","42.78","42.90","41.34","","-2.46%"
"2020-10-20","42.64","42.29","43.14","42.03","","0.78%"
"2020-10-19","42.31","42.84","43.06","42.20","","-0.70%"
"2020-10-16","42.61","42.85","42.98","42.07","","-0.42%"
"2020-10-15","42.79","43.18","43.24","41.36","","-0.93%"
"2020-10-14","43.19","42.17","43.20","41.89","","2.30%"
"2020-10-13","42.22","41.55","42.42","41.41","","1.69%"
"2020-10-12","41.52","42.19","42.34","41.11","","-2.31%"
"2020-10-9","42.50","43.02","43.25","42.30","","-1.48%"
"2020-10-8","43.14","41.80","43.14","41.53","","3.13%"
"2020-10-7","41.83","41.51","42.07","41.03","","0.58%"
"2020-10-6","41.59","41.01","42.48","40.87","","1.02%"
"2020-10-5","41.17","39.11","41.41","39.09","","6.08%"
"2020-10-2","38.81","40.25","40.37","38.41","","-3.77%"
"2020-10-1","40.33","41.71","42.12","39.52","","-3.26%"
"2020-9-30","41.69","40.93","42.04","40.39","","1.91%"
"2020-9-29","40.91","42.38","42.50","40.40","","-3.67%"
"2020-9-28","42.47","41.81","42.55","41.46","","1.68%"
"2020-9-25","41.77","41.80","42.25","41.47","","0.19%"
"2020-9-24","41.69","41.28","41.95","41.19","","0.63%"
"2020-9-23","41.43","41.62","42.52","41.12","","-0.62%"
"2020-9-22","41.69","41.71","42.09","41.12","","0.26%"
"2020-9-21","41.58","42.78","43.18","40.87","","-3.19%"
"2020-9-18","42.95","43.04","43.64","42.39","","-0.39%"
"2020-9-17","43.12","42.11","43.34","41.34","","2.33%"
"2020-9-16","42.14","40.53","42.27","40.42","","4.05%"
"2020-9-15","40.50","39.52","40.64","39.22","","2.53%"
"2020-9-14","39.50","39.62","39.89","39.12","","-0.23%"
"2020-9-11","39.59","39.71","40.12","39.17","","0.28%"
"2020-9-10","39.48","40.27","40.71","39.48","","-2.23%"
"2020-9-9","40.38","39.40","40.95","39.12","","2.25%"
"2020-9-8","39.49","41.81","41.95","39.06","","-5.46%"
"2020-9-7","41.77","41.40","42.14","41.40","","-0.62%"
"2020-9-4","42.03","43.38","44.20","41.99","","-3.73%"
"2020-9-3","43.66","44.14","44.22","42.83","","-0.91%"
"2020-9-2","44.06","45.40","45.66","43.85","","-2.97%"
"2020-9-1","45.41","45.22","45.83","45.08","","0.49%"
"2020-8-31","45.19","45.55","46.12","44.82","","-0.55%"
"2020-8-28","45.44","45.12","45.45","44.90","","0.49%"
"2020-8-27","45.22","45.69","45.87","44.61","","-1.33%"
"2020-8-26","45.83","45.97","46.07","45.55","","-0.37%"
"2020-8-25","46.00","45.09","46.02","45.03","","2.22%"
"2020-8-24","45.00","44.39","45.13","44.23","","1.76%"
"2020-8-21","44.22","44.89","45.00","43.52","","-1.23%"
"2020-8-20","44.77","45.01","45.07","43.94","","-0.69%"
"2020-8-19","45.08","45.06","45.37","44.71","","0.40%"
"2020-8-18","44.90","45.12","45.41","44.64","","-0.53%"
"2020-8-17","45.14","44.91","45.27","44.39","","0.80%"
"2020-8-14","44.78","45.04","45.04","44.31","","-0.25%"
"2020-8-13","44.89","45.07","45.39","44.65","","-0.55%"
"2020-8-12","45.14","44.33","45.42","44.30","","1.87%"
"2020-8-11","44.31","44.80","45.56","44.20","","-0.98%"
"2020-8-10","44.75","44.49","45.05","44.37","","0.77%"
"2020-8-7","44.41","44.91","45.04","44.03","","-1.00%"
"2020-8-6","44.86","45.02","45.42","44.59","","-0.47%"
"2020-8-5","45.07","44.03","45.94","43.97","","2.27%"
"2020-8-4","44.07","43.44","44.53","42.97","","1.12%"
"2020-8-3","43.58","43.15","44.16","42.61","","0.60%"
"2020-7-31","43.32","43.30","43.45","42.62","","0.09%"
"2020-7-30","43.28","43.76","43.87","41.45","","-1.05%"
"2020-7-29","43.74","43.31","43.93","43.20","","1.09%"
"2020-7-28","43.27","43.56","43.83","43.02","","-0.46%"
"2020-7-27","43.47","43.11","43.77","42.39","","0.32%"
"2020-7-24","43.33","43.30","43.88","42.78","","0.02%"
"2020-7-23","43.32","44.11","44.76","43.12","","-2.17%"
"2020-7-22","44.28","43.96","44.38","43.61","","0.75%"
"2020-7-21","43.95","43.20","44.87","43.18","","1.76%"
"2020-7-20","43.19","43.11","43.41","42.35","","0.23%"
"2020-7-17","43.09","43.38","43.42","42.61","","-0.69%"
"2020-7-16","43.39","43.61","43.76","43.11","","-0.50%"
"2020-7-15","43.61","43.05","43.82","42.68","","1.28%"
"2020-7-14","43.06","42.23","43.16","41.77","","2.13%"
"2020-7-13","42.16","42.81","43.30","42.11","","-2.48%"
"2020-7-10","43.23","42.38","43.37","41.29","","2.20%"
"2020-7-9","42.30","43.25","43.45","41.90","","-2.26%"
"2020-7-8","43.28","42.78","43.42","42.71","","0.79%"
"2020-7-7","42.94","43.05","43.40","42.42","","-0.26%"
"2020-7-6","43.05","42.89","43.65","42.72","","0.75%"
"2020-7-3","42.73","42.64","42.93","42.26","","-0.35%"
"2020-7-2","42.88","41.71","43.16","41.67","","1.97%"
"2020-7-1","42.05","41.41","42.56","40.98","","1.74%"
"2020-6-30","41.33","41.71","41.92","40.96","","-1.15%"
"2020-6-29","41.81","40.33","41.92","39.96","","2.95%"
"2020-6-26","40.61","41.25","41.64","40.17","","-1.65%"
"2020-6-25","41.29","40.09","41.48","39.32","","2.94%"
"2020-6-24","40.11","42.26","42.67","39.46","","-4.82%"
"2020-6-23","42.14","42.97","43.69","41.96","","-1.43%"
"2020-6-22","42.75","41.94","42.91","41.56","","2.74%"
"2020-6-19","41.61","41.38","42.55","40.70","","1.41%"
"2020-6-18","41.03","39.86","41.24","39.67","","2.17%"
"2020-6-17","40.16","40.15","41.03","39.62","","-0.27%"
"2020-6-16","40.27","39.35","41.20","38.52","","2.18%"
"2020-6-15","39.41","37.75","39.42","36.80","","2.58%"
"2020-6-12","38.42","37.39","38.89","36.48","","1.72%"
"2020-6-11","37.77","40.20","40.38","37.27","","-7.31%"
"2020-6-10","40.75","39.90","41.33","39.51","","1.37%"
"2020-6-9","40.20","40.48","40.75","39.20","","0.27%"
"2020-6-8","40.09","42.57","42.57","40.00","","-2.62%"
"2020-6-5","41.17","39.06","41.64","38.95","","5.24%"
"2020-6-4","39.12","38.87","39.28","38.25","","1.24%"
"2020-6-3","38.64","38.95","39.66","37.97","","-0.21%"
"2020-6-2","38.72","37.54","38.89","37.44","","2.71%"
"2020-6-1","37.70","36.81","37.83","36.35","","2.42%"
"2020-5-29","36.81","35.02","37.20","33.98","","4.43%"
"2020-5-28","35.25","33.87","35.70","33.49","","3.52%"
"2020-5-27","34.05","35.53","35.77","33.81","","-4.38%"
"2020-5-26","35.61","35.09","36.17","34.80","","1.92%"
"2020-5-25","34.94","34.01","35.33","33.79","","2.25%"
"2020-5-22","34.17","34.92","35.02","32.48","","-1.67%"
"2020-5-21","34.75","34.48","35.67","34.45","","0.87%"
"2020-5-20","34.45","33.02","34.97","32.94","","4.08%"
"2020-5-19","33.10","34.00","34.11","32.74","","-2.16%"
"2020-5-18","33.83","31.82","34.03","31.67","","9.55%"
"2020-5-15","30.88","29.52","30.96","29.02","","4.75%"
"2020-5-14","29.48","27.54","29.57","26.96","","7.04%"
"2020-5-13","27.54","27.34","28.45","26.93","","0.66%"
"2020-5-12","27.36","27.81","28.45","27.27","","-1.90%"
"2020-5-11","27.89","28.18","29.04","27.16","","-1.06%"
"2020-5-8","28.19","26.97","28.39","26.74","","5.58%"
"2020-5-7","26.70","26.95","28.88","26.42","","-1.15%"
"2020-5-6","27.01","29.00","29.00","25.91","","-6.25%"
"2020-5-5","28.81","25.19","28.84","24.92","","14.83%"
"2020-5-4","25.09","23.10","25.17","22.79","","6.54%"
"2020-5-1","23.55","23.77","24.51","22.76","","0.04%"
"2020-4-30","23.54","21.64","23.74","21.42","","9.74%"
"2020-4-29","21.45","19.94","22.07","19.88","","5.98%"
"2020-4-28","20.24","19.29","20.75","18.52","","2.58%"
"2020-4-27","19.73","21.52","21.52","18.83","","-7.37%"
"2020-4-24","21.30","21.23","21.96","19.88","","1.87%"
"2020-4-23","20.91","20.17","22.37","19.34","","3.98%"
"2020-4-22","20.11","19.45","21.56","15.34","","7.60%"
"2020-4-21","18.69","25.09","25.27","16.77","","-24.88%"
"2020-4-20","24.88","26.44","26.80","24.17","","-6.54%"
"2020-4-17","26.62","26.98","27.05","25.85","","0.23%"
"2020-4-16","26.56","26.15","27.05","25.41","","2.11%"
"2020-4-15","26.01","28.04","28.09","25.25","","-6.47%"
"2020-4-14","27.81","29.70","29.79","27.20","","-5.21%"
"2020-4-13","29.34","29.38","30.50","28.15","","1.84%"
"2020-4-9","28.81","30.43","32.83","28.33","","-4.82%"
"2020-4-8","30.27","29.17","30.38","28.33","","4.38%"
"2020-4-7","29.00","30.16","30.45","28.38","","-2.23%"
"2020-4-6","29.66","28.34","30.39","28.15","","-2.91%"
"2020-4-3","30.55","26.02","30.70","24.73","","17.68%"
"2020-4-2","25.96","22.29","30.86","22.14","","16.57%"
"2020-4-1","22.27","22.48","22.73","21.33","","-0.76%"
"2020-3-31","22.44","22.96","24.07","22.21","","-1.54%"
"2020-3-30","22.79","23.48","23.85","21.67","","-9.09%"
"2020-3-27","25.07","26.73","27.04","24.20","","-7.11%"
"2020-3-26","26.99","27.46","27.79","26.08","","-2.03%"
"2020-3-25","27.55","27.75","28.34","25.84","","-0.61%"
"2020-3-24","27.72","27.91","28.70","26.75","","0.29%"
"2020-3-23","27.64","25.34","27.64","25.19","","0.66%"
"2020-3-20","27.46","28.86","31.02","26.90","","-2.56%"
"2020-3-19","28.18","26.84","29.36","25.06","","5.98%"
"2020-3-18","26.59","28.60","29.31","24.62","","-8.15%"
"2020-3-17","28.95","30.23","31.36","28.62","","-3.14%"
"2020-3-16","29.89","32.39","33.41","29.59","","-14.13%"
"2020-3-13","34.81","32.94","36.29","32.67","","5.39%"
"2020-3-12","33.03","36.23","36.66","32.68","","-8.33%"
"2020-3-11","36.03","37.64","39.79","35.56","","-5.28%"
"2020-3-10","38.04","36.59","38.43","35.22","","13.45%"
"2020-3-9","33.53","35.53","37.62","31.48","","-26.87%"
"2020-3-6","45.85","50.59","50.80","45.50","","-9.26%"
"2020-3-5","50.53","52.03","52.41","50.06","","-2.62%"
"2020-3-4","51.89","52.64","53.42","51.44","","-0.35%"
"2020-3-3","52.07","54.08","54.28","51.62","","-2.71%"
"2020-3-2","53.52","49.78","53.61","49.73","","5.94%"
"2020-2-28","50.52","51.53","51.57","49.37","","-1.81%"
"2020-2-27","51.45","53.22","53.31","51.02","","-3.89%"
"2020-2-26","53.53","55.20","55.53","53.11","","-2.67%"
"2020-2-25","55.00","56.62","57.09","54.73","","-2.41%"
"2020-2-24","56.36","57.10","57.36","55.27","","-3.97%"
"2020-2-21","58.69","59.27","59.52","57.98","","-1.23%"
"2020-2-20","59.42","59.61","60.28","59.20","","-0.42%"
"2020-2-19","59.67","58.02","59.72","57.84","","2.86%"
"2020-2-18","58.01","57.64","58.16","56.66","","0.10%"
"2020-2-17","57.95","57.66","58.08","57.23","","0.24%"
"2020-2-14","57.81","56.89","58.01","56.65","","1.47%"
"2020-2-13","56.97","56.24","57.34","55.47","","0.14%"
"2020-2-12","56.89","54.97","56.91","54.95","","3.79%"
"2020-2-11","54.81","54.27","55.23","54.23","","1.61%"
"2020-2-10","53.94","54.44","55.31","53.68","","-2.14%"
"2020-2-7","55.12","55.92","56.11","54.90","","-1.27%"
"2020-2-6","55.83","56.35","57.33","54.97","","-0.91%"
"2020-2-5","56.34","54.84","57.24","54.83","","3.22%"
"2020-2-4","54.58","55.14","56.44","54.47","","-0.80%"
"2020-2-3","55.02","56.75","57.62","54.89","","-4.45%"
"2020-1-31","57.58","59.29","59.53","56.86","","-2.56%"
"2020-1-30","59.09","59.65","59.73","57.77","","-0.97%"
"2020-1-29","59.67","59.89","60.70","59.33","","-0.78%"
"2020-1-28","60.14","59.16","60.22","58.62","","1.85%"
"2020-1-27","59.05","59.25","59.98","58.66","","-2.97%"
"2020-1-24","60.86","62.36","62.74","60.50","","-2.37%"
"2020-1-23","62.34","62.97","63.00","61.55","","-1.02%"
"2020-1-22","62.98","64.91","64.93","62.95","","-2.94%"
"2020-1-21","64.89","65.67","65.75","64.45","","-1.17%"
"2020-1-20","65.66","66.18","66.23","65.34","","0.06%"
"2020-1-17","65.62","65.25","65.68","65.03","","0.61%"
"2020-1-16","65.22","64.87","65.52","64.48","","0.59%"
"2020-1-15","64.84","65.03","65.22","64.16","","-0.35%"
"2020-1-14","65.07","64.95","65.69","64.59","","0.25%"
"2020-1-13","64.91","65.55","65.96","64.60","","-1.44%"
"2020-1-10","65.86","66.21","66.47","65.67","","-0.45%"
"2020-1-9","66.16","66.87","66.97","65.38","","-0.76%"
"2020-1-8","66.67","72.16","72.28","65.81","","-4.03%"
"2020-1-7","69.47","69.61","69.72","68.62","","-0.12%"
"2020-1-6","69.55","70.60","71.80","69.22","","-0.32%"
"2020-1-3","69.77","67.38","70.63","67.34","","3.45%"
"2020-1-2","67.44","67.51","67.70","66.84","","0.34%"
"2019-12-31","67.21","67.87","68.14","66.84","","-1.03%"
"2019-12-30","67.91","68.20","68.84","67.32","","-0.45%"
"2019-12-27","68.22","67.97","68.39","67.65","","0.25%"
"2019-12-26","68.05","67.39","68.05","67.32","","1.07%"
"2019-12-24","67.33","66.60","67.39","66.51","","0.93%"
"2019-12-23","66.71","66.27","66.76","65.97","","0.66%"
"2019-12-20","66.27","66.82","66.93","65.97","","-0.81%"
"2019-12-19","66.81","66.46","67.01","66.28","","0.60%"
"2019-12-18","66.41","66.16","66.68","65.83","","0.50%"
"2019-12-17","66.08","65.60","66.52","65.40","","0.75%"
"2019-12-16","65.59","65.19","65.95","65.19","","0.47%"
"2019-12-13","65.28","65.00","66.12","64.86","","0.68%"
"2019-12-12","64.84","64.29","65.22","64.25","","0.82%"
"2019-12-11","64.31","64.40","64.66","63.41","","-0.39%"
"2019-12-10","64.56","64.46","65.12","64.20","","0.12%"
"2019-12-9","64.48","64.59","64.94","64.05","","-0.60%"
"2019-12-6","64.87","63.97","65.38","63.33","","1.71%"
"2019-12-5","63.78","63.46","64.43","63.26","","0.35%"
"2019-12-4","63.56","61.59","64.03","61.53","","3.01%"
"2019-12-3","61.70","61.59","62.10","60.84","","0.44%"
"2019-12-2","61.43","61.64","62.65","61.31","","0.11%"
"2019-11-29","61.36","63.80","63.84","60.96","","-4.04%"
"2019-11-28","63.94","63.86","64.02","63.22","","-0.34%"
"2019-11-27","64.16","64.07","64.63","63.55","","-0.05%"
"2019-11-26","64.19","63.73","64.37","63.51","","0.90%"
"2019-11-25","63.62","63.64","63.87","63.04","","-0.06%"
"2019-11-22","63.66","63.75","64.37","63.09","","-0.31%"
"2019-11-21","63.86","62.31","64.15","62.06","","2.05%"
"2019-11-20","62.58","61.11","62.93","60.45","","2.74%"
"2019-11-19","60.91","62.41","62.72","60.84","","-2.45%"
"2019-11-18","62.44","63.48","63.73","62.12","","-1.89%"
"2019-11-15","63.64","62.69","63.85","61.91","","1.61%"
"2019-11-14","62.63","62.82","63.43","62.37","","-0.32%"
"2019-11-13","62.83","62.12","62.95","61.46","","0.98%"
"2019-11-12","62.22","62.40","63.11","62.08","","-0.50%"
"2019-11-11","62.53","62.67","63.02","61.84","","-0.65%"
"2019-11-8","62.94","62.54","63.00","60.98","","0.38%"
"2019-11-7","62.70","62.07","63.20","61.98","","0.98%"
"2019-11-6","62.09","63.11","63.65","61.92","","-1.88%"
"2019-11-5","63.28","62.30","63.52","62.29","","1.22%"
"2019-11-4","62.52","62.03","63.14","61.64","","0.81%"
"2019-11-1","62.02","59.83","62.05","59.80","","3.56%"
"2019-10-31","59.89","60.61","61.20","59.61","","-1.24%"
"2019-10-30","60.64","61.64","61.96","60.48","","-1.65%"
"2019-10-29","61.66","61.69","62.01","60.70","","0.00%"
"2019-10-28","61.66","62.14","62.41","61.27","","-0.72%"
"2019-10-25","62.11","61.69","62.23","61.07","","0.86%"
"2019-10-24","61.58","61.16","62.05","60.80","","0.51%"
"2019-10-23","61.27","59.69","61.47","59.03","","2.54%"
"2019-10-22","59.75","59.18","60.44","58.95","","0.81%"
"2019-10-21","59.27","59.41","59.75","58.47","","-0.49%"
"2019-10-18","59.56","60.07","60.55","59.27","","-1.01%"
"2019-10-17","60.17","59.21","60.28","58.98","","1.36%"
"2019-10-16","59.36","59.24","60.05","58.67","","0.29%"
"2019-10-15","59.19","59.58","60.02","58.33","","-0.60%"
"2019-10-14","59.55","60.97","60.99","58.87","","-2.49%"
"2019-10-11","61.07","59.92","61.08","59.63","","1.82%"
"2019-10-10","59.98","58.30","60.02","58.23","","2.13%"
"2019-10-9","58.73","58.42","59.78","58.36","","0.24%"
"2019-10-8","58.59","59.01","59.39","57.84","","-0.54%"
"2019-10-7","58.91","58.66","60.16","58.52","","-0.20%"
"2019-10-4","59.03","58.23","59.50","58.23","","1.41%"
"2019-10-3","58.21","58.01","58.52","56.69","","0.21%"
"2019-10-2","58.09","59.92","60.08","57.80","","-2.89%"
"2019-10-1","59.82","60.02","60.70","59.01","","-0.35%"
"2019-9-30","60.03","61.83","61.96","59.83","","-3.08%"
"2019-9-27","61.94","62.45","62.81","60.83","","-1.16%"
"2019-9-26","62.67","62.73","62.99","61.55","","0.02%"
"2019-9-25","62.66","62.59","62.93","61.35","","0.30%"
"2019-9-24","62.47","64.48","64.74","62.44","","-3.18%"
"2019-9-23","64.52","65.06","65.34","63.72","","-0.49%"
"2019-9-20","64.84","65.12","65.48","64.25","","-0.35%"
"2019-9-19","65.07","63.73","65.80","63.72","","1.97%"
"2019-9-18","63.81","64.52","65.25","63.31","","-0.95%"
"2019-9-17","64.42","68.42","69.54","63.83","","-5.78%"
"2019-9-16","68.37","68.73","69.95","65.14","","13.06%"
"2019-9-13","60.47","60.79","61.10","59.93","","-0.56%"
"2019-9-12","60.81","61.51","61.75","59.26","","-0.93%"
"2019-9-11","61.38","63.26","63.64","60.89","","-2.69%"
"2019-9-10","63.08","63.48","64.13","62.56","","0.05%"
"2019-9-9","63.05","62.15","63.41","61.99","","1.56%"
"2019-9-6","62.08","61.33","62.34","59.87","","1.40%"
"2019-9-5","61.22","61.03","62.86","60.73","","0.46%"
"2019-9-4","60.94","58.63","61.45","58.62","","3.78%"
"2019-9-3","58.72","59.00","59.37","57.72","","-0.56%"
"2019-9-2","59.05","59.36","59.78","58.62","","-0.99%"
"2019-8-30","59.64","60.95","61.21","59.05","","-2.18%"
"2019-8-29","60.97","60.45","61.20","60.01","","0.86%"
"2019-8-28","60.45","60.01","61.00","59.82","","0.62%"
"2019-8-27","60.08","58.80","60.17","58.53","","2.09%"
"2019-8-26","58.85","58.43","60.17","58.37","","-0.52%"
"2019-8-23","59.16","60.17","60.32","58.36","","-1.53%"
"2019-8-22","60.08","60.50","60.91","59.51","","-0.56%"
"2019-8-21","60.42","60.20","61.45","60.10","","0.57%"
"2019-8-20","60.08","59.68","60.34","58.98","","0.47%"
"2019-8-19","59.80","59.05","59.95","58.79","","1.82%"
"2019-8-16","58.73","58.47","59.54","58.33","","0.55%"
"2019-8-15","58.41","59.18","59.46","57.73","","-1.05%"
"2019-8-14","59.03","61.12","61.13","58.29","","-3.18%"
"2019-8-13","60.97","58.54","61.55","58.07","","4.36%"
"2019-8-12","58.42","58.27","58.93","57.94","","0.10%"
"2019-8-9","58.36","57.73","59.15","57.18","","0.95%"
"2019-8-8","57.81","57.55","58.07","56.84","","0.54%"
"2019-8-7","57.50","58.66","59.26","55.96","","-2.03%"
"2019-8-6","58.69","59.24","60.62","58.61","","-2.41%"
"2019-8-5","60.14","61.37","61.64","59.75","","-1.99%"
"2019-8-2","61.36","61.16","63.01","61.08","","0.41%"
"2019-8-1","61.11","64.07","64.62","60.12","","-4.99%"
"2019-7-31","64.32","64.94","65.52","64.28","","-1.14%"
"2019-7-30","65.06","63.95","65.16","63.94","","1.90%"
"2019-7-29","63.85","63.17","63.95","63.00","","0.68%"
"2019-7-26","63.42","63.43","64.08","63.16","","0.24%"
"2019-7-25","63.27","63.36","64.39","63.17","","-0.03%"
"2019-7-24","63.29","64.32","64.84","62.77","","-1.74%"
"2019-7-23","64.41","63.43","64.63","62.88","","1.39%"
"2019-7-22","63.53","63.45","64.25","63.01","","0.62%"
"2019-7-19","63.14","62.85","63.67","62.16","","0.43%"
"2019-7-18","62.87","63.86","64.80","61.63","","-1.67%"
"2019-7-17","63.94","64.81","65.65","63.58","","-1.25%"
"2019-7-16","64.75","66.75","67.49","64.24","","-2.76%"
"2019-7-15","66.59","67.09","67.91","66.54","","-1.17%"
"2019-7-12","67.38","67.35","67.78","67.05","","0.06%"
"2019-7-11","67.34","67.38","68.19","66.97","","0.10%"
"2019-7-10","67.27","65.35","67.68","65.19","","3.35%"
"2019-7-9","65.09","64.39","65.32","64.33","","0.93%"
"2019-7-8","64.49","64.97","65.72","64.38","","-0.98%"
"2019-7-5","65.13","63.96","65.18","63.59","","1.99%"
"2019-7-4","63.86","64.62","64.77","63.65","","-1.07%"
"2019-7-3","64.55","63.60","64.70","62.80","","1.57%"
"2019-7-2","63.55","65.57","66.28","62.96","","-3.67%"
"2019-7-1","65.97","66.60","67.55","65.00","","1.13%"
"2019-6-28","65.23","66.47","66.78","64.87","","-1.63%"
"2019-6-27","66.31","65.98","66.87","65.70","","-0.18%"
"2019-6-26","66.43","65.93","66.94","65.73","","0.70%"
"2019-6-25","65.97","65.04","66.09","64.36","","1.57%"
"2019-6-24","64.95","65.75","66.01","64.28","","-1.07%"
"2019-6-21","65.65","65.33","66.11","64.37","","0.86%"
"2019-6-20","65.09","62.87","65.19","62.81","","3.93%"
"2019-6-19","62.63","62.88","63.00","61.83","","-0.19%"
"2019-6-18","62.75","61.47","63.29","60.72","","2.13%"
"2019-6-17","61.44","62.77","62.91","61.26","","-1.99%"
"2019-6-14","62.69","61.90","63.21","61.39","","1.05%"
"2019-6-13","62.04","60.67","63.36","60.48","","2.58%"
"2019-6-12","60.48","62.37","62.48","60.28","","-3.79%"
"2019-6-11","62.86","63.13","63.70","62.80","","-0.47%"
"2019-6-10","63.16","64.61","64.71","62.89","","-1.74%"
"2019-6-7","64.28","63.40","64.58","62.75","","1.63%"
"2019-6-6","63.25","61.42","63.44","61.23","","2.70%"
"2019-6-5","61.59","62.67","63.34","60.48","","-1.46%"
"2019-6-4","62.50","62.10","63.20","61.32","","0.71%"
"2019-6-3","62.06","62.39","64.02","61.76","","-1.45%"
"2019-5-31","62.97","66.22","66.28","62.68","","-5.44%"
"2019-5-30","66.59","69.66","69.97","66.34","","-4.50%"
"2019-5-29","69.73","70.09","70.14","68.12","","-0.70%"
"2019-5-28","70.22","70.06","70.65","69.64","","0.21%"
"2019-5-27","70.07","69.25","70.07","68.61","","1.05%"
"2019-5-24","69.34","68.09","69.41","67.45","","1.79%"
"2019-5-23","68.12","71.03","71.11","67.14","","-4.08%"
"2019-5-22","71.02","72.05","72.19","70.57","","-1.59%"
"2019-5-21","72.17","72.33","72.69","71.80","","-0.14%"
"2019-5-20","72.27","73.15","73.60","71.79","","-0.10%"
"2019-5-17","72.34","73.10","73.47","72.03","","-0.96%"
"2019-5-16","73.04","72.30","73.60","72.09","","1.14%"
"2019-5-15","72.22","71.15","72.50","70.69","","1.36%"
"2019-5-14","71.25","70.33","71.90","70.21","","1.45%"
"2019-5-13","70.23","70.73","72.88","70.02","","-1.28%"
"2019-5-10","71.14","70.80","71.58","70.53","","0.67%"
"2019-5-9","70.67","70.58","71.00","69.75","","0.01%"
"2019-5-8","70.66","70.31","71.06","69.71","","0.63%"
"2019-5-7","70.22","71.54","71.73","69.78","","-1.61%"
"2019-5-6","71.37","69.90","72.21","69.30","","0.13%"
"2019-5-3","71.28","70.96","72.00","70.42","","0.66%"
"2019-5-2","70.81","72.50","72.72","70.17","","-2.41%"
"2019-5-1","72.56","72.23","72.82","71.79","","0.57%"
"2019-4-30","72.15","72.00","73.29","71.70","","0.25%"
"2019-4-29","71.97","71.65","72.52","71.12","","0.36%"
"2019-4-26","71.71","74.31","74.52","71.40","","-3.67%"
"2019-4-25","74.44","74.62","75.72","74.12","","-0.29%"
"2019-4-24","74.66","74.40","74.86","74.16","","0.17%"
"2019-4-23","74.53","74.53","74.90","74.16","","0.12%"
"2019-4-22","74.44","72.62","74.71","72.62","","3.07%"
"2019-4-18","72.22","71.90","72.30","71.47","","0.42%"
"2019-4-17","71.92","72.19","72.56","71.75","","-0.32%"
"2019-4-16","72.15","71.54","72.25","71.06","","0.78%"
"2019-4-15","71.59","71.79","71.92","71.13","","-0.45%"
"2019-4-12","71.91","71.39","72.27","71.31","","0.73%"
"2019-4-11","71.39","71.98","72.12","71.00","","-0.87%"
"2019-4-10","72.02","71.23","72.22","71.03","","1.05%"
"2019-4-9","71.27","71.61","71.81","70.75","","-0.39%"
"2019-4-8","71.55","71.19","71.67","70.92","","0.85%"
"2019-4-5","70.95","69.66","71.02","69.47","","1.59%"
"2019-4-4","69.84","69.98","70.58","69.44","","-0.37%"
"2019-4-3","70.10","70.03","70.54","69.38","","-0.10%"
"2019-4-2","70.17","69.78","70.17","69.29","","0.53%"
"2019-4-1","69.80","68.50","69.83","68.49","","2.24%"
"2019-3-29","68.27","67.97","68.97","67.83","","0.40%"
"2019-3-28","68.00","67.76","68.00","66.53","","0.22%"
"2019-3-27","67.85","67.87","68.34","67.19","","-0.22%"
"2019-3-26","68.00","67.28","68.19","67.23","","1.12%"
"2019-3-25","67.25","66.85","67.62","66.33","","0.48%"
"2019-3-22","66.93","67.72","67.92","66.16","","-1.08%"
"2019-3-21","67.66","68.34","68.64","67.55","","-0.82%"
"2019-3-20","68.22","67.56","68.50","67.13","","0.87%"
"2019-3-19","67.63","67.40","68.13","67.07","","0.39%"
"2019-3-18","67.37","67.08","67.61","66.62","","0.63%"
"2019-3-15","66.95","67.09","67.61","66.05","","-0.21%"
"2019-3-14","67.09","67.53","68.03","66.94","","-0.65%"
"2019-3-13","67.53","66.81","67.64","66.59","","1.26%"
"2019-3-12","66.69","66.63","67.28","66.26","","0.29%"
"2019-3-11","66.50","65.65","66.62","65.54","","1.43%"
"2019-3-8","65.56","65.88","65.95","63.88","","-0.55%"
"2019-3-7","65.92","65.69","66.84","65.61","","0.18%"
"2019-3-6","65.80","65.33","66.01","65.06","","0.55%"
"2019-3-5","65.44","65.38","66.05","64.88","","0.03%"
"2019-3-4","65.42","65.03","66.16","64.91","","1.11%"
"2019-3-1","64.70","66.32","66.93","64.41","","-2.27%"
"2019-2-28","66.20","66.31","66.58","65.71","","-0.17%"
"2019-2-27","66.31","65.70","66.71","65.29","","0.99%"
"2019-2-26","65.66","64.81","65.73","64.34","","1.37%"
"2019-2-25","64.77","67.27","67.49","64.56","","-3.29%"
"2019-2-22","66.97","67.01","67.74","66.90","","-0.03%"
"2019-2-21","66.99","67.18","67.33","66.74","","-0.31%"
"2019-2-20","67.20","66.42","67.43","65.70","","1.05%"
"2019-2-19","66.50","66.47","66.69","65.63","","-0.09%"
"2019-2-18","66.56","66.56","66.87","65.94","","0.30%"
"2019-2-15","66.36","64.96","66.44","64.48","","2.61%"
"2019-2-14","64.67","63.72","64.85","63.35","","1.52%"
"2019-2-13","63.70","62.77","64.03","62.76","","1.64%"
"2019-2-12","62.67","61.77","63.39","61.66","","1.67%"
"2019-2-11","61.64","61.98","62.38","60.97","","-0.84%"
"2019-2-8","62.16","61.74","62.43","61.14","","0.70%"
"2019-2-7","61.73","62.59","62.98","60.69","","-1.50%"
"2019-2-6","62.67","62.13","62.88","61.15","","0.77%"
"2019-2-5","62.19","62.70","63.11","61.81","","-1.14%"
"2019-2-4","62.91","62.88","63.72","61.37","","-0.05%"
"2019-2-1","62.94","61.15","63.06","60.55","","2.68%"
"2019-1-31","61.30","61.96","62.56","60.74","","-0.78%"
"2019-1-30","61.78","61.25","62.64","61.05","","0.88%"
"2019-1-29","61.24","59.78","61.73","59.72","","1.98%"
"2019-1-28","60.05","61.16","61.63","59.44","","-2.18%"
"2019-1-25","61.39","61.00","61.79","60.61","","0.54%"
"2019-1-24","61.06","60.89","61.37","60.29","","0.38%"
"2019-1-23","60.83","61.16","62.16","60.07","","-0.99%"
"2019-1-22","61.44","62.40","62.52","60.41","","-1.87%"
"2019-1-21","62.61","62.10","62.92","62.05","","0.37%"
"2019-1-18","62.38","61.05","62.74","61.05","","2.45%"
"2019-1-17","60.89","60.74","61.26","59.78","","-0.18%"
"2019-1-16","61.00","60.14","61.15","59.76","","1.23%"
"2019-1-15","60.26","59.16","60.55","58.82","","2.14%"
"2019-1-14","59.00","60.44","60.56","58.62","","-1.96%"
"2019-1-11","60.18","60.80","62.08","59.72","","-0.99%"
"2019-1-10","60.78","60.67","61.49","60.04","","-0.25%"
"2019-1-9","60.93","58.72","61.26","58.64","","4.71%"
"2019-1-8","58.19","57.30","58.41","56.72","","1.87%"
"2019-1-7","57.12","57.34","58.48","56.86","","0.35%"
"2019-1-4","56.92","55.16","57.81","54.89","","3.34%"
"2019-1-3","55.08","54.63","55.78","53.94","","3.34%"
"2019-1-2","53.30","53.44","53.44","52.96","","-0.65%"
"2018-12-31","53.65","53.53","54.86","52.70","","1.05%"
"2018-12-28","53.09","54.05","54.45","52.05","","-0.93%"
"2018-12-27","53.59","54.78","54.95","52.54","","-3.06%"
"2018-12-26","55.28","50.61","55.58","50.41","","8.82%"
"2018-12-24","50.80","53.86","54.89","50.72","","-5.49%"
"2018-12-21","53.75","55.38","55.56","53.06","","-2.24%"
"2018-12-20","54.98","56.87","56.91","54.56","","-3.02%"
"2018-12-19","56.69","56.66","58.09","56.10","","1.27%"
"2018-12-18","55.98","59.24","59.25","55.88","","-4.76%"
"2018-12-17","58.78","60.52","61.22","58.70","","-2.67%"
"2018-12-14","60.39","61.48","61.63","60.01","","-2.20%"
"2018-12-13","61.75","60.47","62.09","59.44","","2.40%"
"2018-12-12","60.30","60.91","61.50","60.06","","-0.48%"
"2018-12-11","60.59","60.19","61.18","59.66","","1.07%"
"2018-12-10","59.95","62.06","62.42","59.69","","-2.35%"
"2018-12-7","61.39","59.98","63.79","59.23","","1.69%"
"2018-12-6","60.37","61.50","62.04","58.53","","-2.11%"
"2018-12-5","61.67","61.58","63.33","60.86","","0.41%"
"2018-12-4","61.42","61.73","63.62","61.31","","-0.71%"
"2018-12-3","61.86","61.12","62.61","60.62","","4.56%"
"2018-11-30","59.16","59.93","60.43","58.08","","-0.94%"
"2018-11-29","59.72","59.66","60.73","57.84","","1.08%"
"2018-11-28","59.08","60.75","61.42","58.89","","-3.15%"
"2018-11-27","61.00","60.47","61.50","59.11","","0.59%"
"2018-11-26","60.64","59.57","61.21","59.14","","2.64%"
"2018-11-23","59.08","62.84","63.04","58.68","","-6.37%"
"2018-11-22","63.10","63.86","64.05","62.57","","-1.05%"
"2018-11-21","63.77","62.84","64.75","62.84","","1.84%"
"2018-11-20","62.62","66.98","67.08","62.00","","-6.72%"
"2018-11-19","67.13","67.45","67.81","65.49","","-0.04%"
"2018-11-16","67.16","67.02","68.52","66.31","","0.48%"
"2018-11-15","66.84","66.33","67.53","65.97","","1.10%"
"2018-11-14","66.11","65.75","67.82","65.22","","1.13%"
"2018-11-13","65.37","69.44","69.84","64.84","","-5.56%"
"2018-11-12","69.22","71.12","71.94","69.03","","-0.73%"
"2018-11-9","69.73","70.92","71.08","69.27","","-1.82%"
"2018-11-8","71.02","72.19","73.09","70.67","","-1.40%"
"2018-11-7","72.03","71.78","73.56","71.38","","0.47%"
"2018-11-6","71.69","72.90","73.28","71.20","","-1.33%"
"2018-11-5","72.66","72.65","74.10","72.27","","0.11%"
"2018-11-2","72.58","72.75","73.50","72.19","","-0.27%"
"2018-11-1","72.78","74.69","74.97","72.59","","-2.48%"
"2018-10-31","74.63","76.31","77.11","74.59","","-2.15%"
"2018-10-30","76.27","76.78","77.34","75.28","","-0.77%"
"2018-10-29","76.86","77.75","78.00","76.59","","-1.07%"
"2018-10-26","77.69","76.52","77.94","75.81","","1.46%"
"2018-10-25","76.57","75.62","77.09","75.41","","1.19%"
"2018-10-24","75.67","76.03","77.44","75.18","","-0.38%"
"2018-10-23","75.96","79.75","79.76","75.71","","-4.79%"
"2018-10-22","79.78","79.43","79.95","78.65","","0.24%"
"2018-10-19","79.59","78.97","80.41","78.79","","0.86%"
"2018-10-18","78.91","79.87","80.00","78.38","","-1.36%"
"2018-10-17","80.00","81.48","81.58","79.00","","-1.72%"
"2018-10-16","81.40","80.71","81.51","79.62","","1.01%"
"2018-10-15","80.59","81.55","81.62","79.65","","0.39%"
"2018-10-12","80.28","80.06","81.25","79.04","","0.25%"
"2018-10-11","80.08","82.35","82.41","79.61","","-2.65%"
"2018-10-10","82.26","84.71","84.94","82.11","","-2.82%"
"2018-10-9","84.65","83.83","85.22","83.58","","1.17%"
"2018-10-8","83.67","83.33","83.85","82.53","","-0.29%"
"2018-10-5","83.91","84.80","84.98","83.81","","-0.97%"
"2018-10-4","84.73","85.81","86.28","84.03","","-1.33%"
"2018-10-3","85.87","84.67","86.62","83.91","","1.49%"
"2018-10-2","84.61","84.88","85.27","84.23","","-0.35%"
"2018-10-1","84.91","82.96","85.35","82.47","","2.54%"
"2018-9-28","82.81","81.38","83.32","81.24","","1.81%"
"2018-9-27","81.34","81.20","81.85","80.81","","0.25%"
"2018-9-26","81.14","80.88","81.54","80.50","","0.28%"
"2018-9-25","80.91","80.65","81.81","80.48","","0.17%"
"2018-9-24","80.77","79.35","80.83","79.10","","3.29%"
"2018-9-21","78.20","78.22","79.62","77.75","","-0.01%"
"2018-9-20","78.21","79.04","79.40","78.13","","-1.01%"
"2018-9-19","79.01","78.55","79.10","78.09","","0.65%"
"2018-9-18","78.50","77.39","79.33","77.15","","1.16%"
"2018-9-17","77.60","77.68","78.56","77.41","","-0.27%"
"2018-9-14","77.81","78.19","78.62","77.12","","-0.41%"
"2018-9-13","78.13","79.40","79.42","77.63","","-1.71%"
"2018-9-12","79.49","79.07","79.85","78.50","","0.44%"
"2018-9-11","79.14","77.16","79.28","77.15","","2.55%"
"2018-9-10","77.17","77.05","77.76","76.75","","0.40%"
"2018-9-7","76.86","76.53","76.95","75.75","","0.51%"
"2018-9-6","76.47","76.87","77.63","75.54","","-0.73%"
"2018-9-5","77.03","77.78","78.03","76.84","","-0.90%"
"2018-9-4","77.73","78.05","79.64","77.41","","-0.51%"
"2018-9-3","78.13","77.69","78.40","77.27","","0.54%"
"2018-8-31","77.71","77.73","78.19","77.22","","-0.06%"
"2018-8-30","77.76","77.63","78.30","77.50","","0.10%"
"2018-8-29","77.68","76.43","77.75","76.01","","1.88%"
"2018-8-28","76.25","76.64","77.24","76.06","","-0.46%"
"2018-8-27","76.60","76.02","76.63","75.69","","0.87%"
"2018-8-24","75.94","75.11","76.69","75.02","","1.13%"
"2018-8-23","75.09","75.06","75.14","74.54","","-0.09%"
"2018-8-22","75.16","73.00","75.25","72.92","","2.92%"
"2018-8-21","73.03","72.47","73.19","72.31","","0.79%"
"2018-8-20","72.46","71.88","72.91","71.60","","0.68%"
"2018-8-17","71.97","71.60","72.68","71.46","","0.56%"
"2018-8-16","71.57","70.88","71.71","70.64","","0.85%"
"2018-8-15","70.97","72.42","72.65","70.53","","-1.96%"
"2018-8-14","72.39","73.01","74.11","72.35","","-0.79%"
"2018-8-13","72.97","73.04","73.24","71.20","","-0.16%"
"2018-8-10","73.09","72.15","73.28","71.57","","1.37%"
"2018-8-9","72.10","72.37","73.02","72.03","","-0.40%"
"2018-8-8","72.39","74.74","75.00","71.83","","-2.99%"
"2018-8-7","74.62","73.73","75.03","73.69","","1.18%"
"2018-8-6","73.75","73.28","74.56","73.27","","0.46%"
"2018-8-3","73.41","73.42","73.80","72.56","","-0.04%"
"2018-8-2","73.44","72.51","73.78","71.91","","1.07%"
"2018-8-1","72.66","74.00","74.11","72.22","","-1.94%"
"2018-7-31","74.10","75.53","75.65","73.88","","-1.87%"
"2018-7-30","75.51","74.86","75.81","74.66","","0.84%"
"2018-7-27","74.88","75.07","75.40","74.37","","-0.11%"
"2018-7-26","74.96","74.98","75.30","74.32","","0.63%"
"2018-7-25","74.49","74.15","74.69","73.47","","0.65%"
"2018-7-24","74.01","73.31","74.34","72.98","","1.01%"
"2018-7-23","73.27","73.29","74.59","72.75","","0.29%"
"2018-7-20","73.06","72.76","73.51","72.37","","0.56%"
"2018-7-19","72.65","72.97","73.81","71.90","","-0.60%"
"2018-7-18","73.09","71.81","73.33","71.30","","1.91%"
"2018-7-17","71.72","71.97","72.81","71.35","","-0.35%"
"2018-7-16","71.97","75.00","75.30","71.53","","-3.83%"
"2018-7-13","74.84","74.23","75.87","73.26","","0.52%"
"2018-7-12","74.45","73.86","75.06","72.70","","0.47%"
"2018-7-11","74.10","78.62","78.62","73.02","","-6.10%"
"2018-7-10","78.91","78.19","79.39","78.04","","1.02%"
"2018-7-9","78.11","77.00","78.22","76.97","","1.36%"
"2018-7-6","77.06","77.53","77.56","76.28","","-0.53%"
"2018-7-5","77.47","77.91","78.38","77.23","","-0.63%"
"2018-7-4","77.96","77.74","78.12","77.53","","0.27%"
"2018-7-3","77.75","77.37","78.44","76.57","","0.54%"
"2018-7-2","77.33","78.40","78.88","77.11","","-2.32%"
"2018-6-29","79.17","77.48","79.50","77.13","","2.23%"
"2018-6-28","77.44","77.25","78.15","77.05","","0.32%"
"2018-6-27","77.19","76.41","77.98","76.11","","0.99%"
"2018-6-26","76.43","74.66","76.53","73.95","","2.27%"
"2018-6-25","74.73","74.06","74.96","73.59","","-1.09%"
"2018-6-22","75.55","73.08","75.56","73.08","","3.69%"
"2018-6-21","72.86","74.16","74.34","72.74","","-1.38%"
"2018-6-20","73.88","74.86","75.44","73.81","","-1.02%"
"2018-6-19","74.64","74.94","75.17","74.12","","-0.56%"
"2018-6-18","75.06","72.87","75.17","72.22","","2.99%"
"2018-6-15","72.88","75.75","75.84","72.84","","-3.79%"
"2018-6-14","75.75","76.41","76.72","75.56","","-0.77%"
"2018-6-13","76.34","75.26","76.71","75.12","","1.31%"
"2018-6-12","75.35","76.37","76.92","75.35","","-1.22%"
"2018-6-11","76.28","76.23","76.69","75.42","","0.00%"
"2018-6-8","76.28","77.38","77.44","76.02","","-1.17%"