指标名称,即期汇率:美元兑人民币
2010/1/4,6.8269
2010/1/5,6.8272
2010/1/6,6.8275
2010/1/7,6.8277
2010/1/8,6.8274
2010/1/11,6.8263
2010/1/12,6.8273
2010/1/13,6.8268
2010/1/14,6.827
2010/1/15,6.8268
2010/1/18,6.8269
2010/1/19,6.8271
2010/1/20,6.827
2010/1/21,6.827
2010/1/22,6.8271
2010/1/25,6.8269
2010/1/26,6.827
2010/1/27,6.8269
2010/1/28,6.8268
2010/1/29,6.8268
2010/2/1,6.8272
2010/2/2,6.827
2010/2/3,6.8267
2010/2/4,6.827
2010/2/5,6.8271
2010/2/8,6.8265
2010/2/9,6.8267
2010/2/10,6.8289
2010/2/11,6.8335
2010/2/12,6.8325
2010/2/22,6.8265
2010/2/23,6.827
2010/2/24,6.8271
2010/2/25,6.827
2010/2/26,6.8261
2010/3/1,6.8263
2010/3/2,6.8267
2010/3/3,6.8257
2010/3/4,6.8263
2010/3/5,6.8264
2010/3/8,6.8265
2010/3/9,6.8264
2010/3/10,6.826
2010/3/11,6.8268
2010/3/12,6.8256
2010/3/15,6.826
2010/3/16,6.8259
2010/3/17,6.826
2010/3/18,6.8261
2010/3/19,6.8264
2010/3/22,6.827
2010/3/23,6.8264
2010/3/24,6.8268
2010/3/25,6.8271
2010/3/26,6.8272
2010/3/29,6.8262
2010/3/30,6.8257
2010/3/31,6.8259
2010/4/1,6.8261
2010/4/2,6.8256
2010/4/6,6.8256
2010/4/7,6.8255
2010/4/8,6.8249
2010/4/9,6.8239
2010/4/12,6.8253
2010/4/13,6.8255
2010/4/14,6.8259
2010/4/15,6.8259
2010/4/16,6.8252
2010/4/19,6.8263
2010/4/20,6.8253
2010/4/21,6.8266
2010/4/22,6.8268
2010/4/23,6.8282
2010/4/26,6.8263
2010/4/27,6.8257
2010/4/28,6.8255
2010/4/29,6.8263
2010/4/30,6.8252
2010/5/4,6.8263
2010/5/5,6.8263
2010/5/6,6.8263
2010/5/7,6.8263
2010/5/10,6.8265
2010/5/11,6.8288
2010/5/12,6.8284
2010/5/13,6.8287
2010/5/14,6.8269
2010/5/17,6.8276
2010/5/18,6.8274
2010/5/19,6.8274
2010/5/20,6.8275
2010/5/21,6.8279
2010/5/24,6.8283
2010/5/25,6.8318
2010/5/26,6.8291
2010/5/27,6.8315
2010/5/28,6.8306
2010/5/31,6.8278
2010/6/1,6.83
2010/6/2,6.8303
2010/6/3,6.8282
2010/6/4,6.8288
2010/6/7,6.8314
2010/6/8,6.8296
2010/6/9,6.8291
2010/6/10,6.8305
2010/6/11,6.8335
2010/6/17,6.829
2010/6/18,6.8267
2010/6/21,6.7976
2010/6/22,6.8136
2010/6/23,6.8124
2010/6/24,6.8018
2010/6/25,6.79
2010/6/28,6.7967
2010/6/29,6.7977
2010/6/30,6.7814
2010/7/1,6.781
2010/7/2,6.7711
2010/7/5,6.7758
2010/7/6,6.7801
2010/7/7,6.7772
2010/7/8,6.7761
2010/7/9,6.7735
2010/7/12,6.7711
2010/7/13,6.772
2010/7/14,6.7745
2010/7/15,6.7785
2010/7/16,6.775
2010/7/19,6.778
2010/7/20,6.7781
2010/7/21,6.7769
2010/7/22,6.78
2010/7/23,6.7803
2010/7/26,6.7795
2010/7/27,6.7786
2010/7/28,6.778
2010/7/29,6.7761
2010/7/30,6.775
2010/8/2,6.7742
2010/8/3,6.773
2010/8/4,6.7736
2010/8/5,6.7719
2010/8/6,6.7683
2010/8/9,6.7671
2010/8/10,6.772
2010/8/11,6.775
2010/8/12,6.7851
2010/8/13,6.7957
2010/8/16,6.8082
2010/8/17,6.7921
2010/8/18,6.7917
2010/8/19,6.7902
2010/8/20,6.7902
2010/8/23,6.8003
2010/8/24,6.7972
2010/8/25,6.7986
2010/8/26,6.7998
2010/8/27,6.7982
2010/8/30,6.803
2010/8/31,6.8074
2010/9/1,6.8115
2010/9/2,6.8084
2010/9/3,6.8038
2010/9/6,6.7874
2010/9/7,6.7914
2010/9/8,6.7943
2010/9/9,6.7832
2010/9/10,6.7692
2010/9/13,6.7618
2010/9/14,6.7463
2010/9/15,6.7422
2010/9/16,6.7248
2010/9/17,6.7235
2010/9/20,6.7143
2010/9/21,6.7079
2010/9/27,6.6923
2010/9/28,6.6906
2010/9/29,6.6868
2010/9/30,6.6912
2010/10/8,6.6706
2010/10/11,6.6678
2010/10/12,6.6734
2010/10/13,6.6641
2010/10/14,6.6508
2010/10/15,6.6407
2010/10/18,6.6441
2010/10/19,6.6447
2010/10/20,6.6519
2010/10/21,6.6504
2010/10/22,6.659
2010/10/25,6.6581
2010/10/26,6.6627
2010/10/27,6.6806
2010/10/28,6.6874
2010/10/29,6.6708
2010/11/1,6.7015
2010/11/2,6.6777
2010/11/3,6.6761
2010/11/4,6.6635
2010/11/5,6.6566
2010/11/8,6.6781
2010/11/9,6.644
2010/11/10,6.6337
2010/11/11,6.6257
2010/11/12,6.637
2010/11/15,6.6455
2010/11/16,6.6379
2010/11/17,6.6425
2010/11/18,6.6336
2010/11/19,6.6395
2010/11/22,6.6416
2010/11/23,6.6449
2010/11/24,6.6543
2010/11/25,6.6508
2010/11/26,6.6675
2010/11/29,6.6606
2010/11/30,6.667
2010/12/1,6.6634
2010/12/2,6.6613
2010/12/3,6.6633
2010/12/6,6.6484
2010/12/7,6.6446
2010/12/8,6.6617
2010/12/9,6.655
2010/12/10,6.6556
2010/12/13,6.667
2010/12/14,6.6551
2010/12/15,6.6555
2010/12/16,6.6633
2010/12/17,6.6555
2010/12/20,6.6745
2010/12/21,6.6589
2010/12/22,6.6461
2010/12/23,6.6431
2010/12/24,6.627
2010/12/27,6.6308
2010/12/28,6.6248
2010/12/29,6.6212
2010/12/30,6.6008
2010/12/31,6.5897
2011/1/4,6.6088
2011/1/5,6.619
2011/1/6,6.6265
2011/1/7,6.628
2011/1/10,6.6377
2011/1/11,6.62
2011/1/12,6.6038
2011/1/13,6.6046
2011/1/14,6.59
2011/1/17,6.593
2011/1/18,6.5829
2011/1/19,6.5824
2011/1/20,6.5854
2011/1/21,6.5833
2011/1/24,6.5813
2011/1/25,6.5827
2011/1/26,6.5819
2011/1/27,6.582
2011/1/28,6.586
2011/1/31,6.603
2011/2/1,6.5938
2011/2/9,6.5938
2011/2/10,6.5865
2011/2/11,6.5919
2011/2/14,6.5966
2011/2/15,6.5885
2011/2/16,6.5885
2011/2/17,6.5871
2011/2/18,6.5732
2011/2/21,6.5668
2011/2/22,6.5803
2011/2/23,6.5743
2011/2/24,6.5787
2011/2/25,6.575
2011/2/28,6.5716
2011/3/1,6.5703
2011/3/2,6.5727
2011/3/3,6.5731
2011/3/4,6.5686
2011/3/7,6.5634
2011/3/8,6.5684
2011/3/9,6.5721
2011/3/10,6.5747
2011/3/11,6.5746
2011/3/14,6.5698
2011/3/15,6.5727
2011/3/16,6.5713
2011/3/17,6.5744
2011/3/18,6.5691
2011/3/21,6.5611
2011/3/22,6.5561
2011/3/23,6.5593
2011/3/24,6.5618
2011/3/25,6.5576
2011/3/28,6.5645
2011/3/29,6.561
2011/3/30,6.5559
2011/3/31,6.5485
2011/4/1,6.5479
2011/4/6,6.544
2011/4/7,6.542
2011/4/8,6.5354
2011/4/11,6.5383
2011/4/12,6.5403
2011/4/13,6.534
2011/4/14,6.5315
2011/4/15,6.5325
2011/4/18,6.5287
2011/4/19,6.5305
2011/4/20,6.5255
2011/4/21,6.5205
2011/4/22,6.5067
2011/4/25,6.5277
2011/4/26,6.5287
2011/4/27,6.5112
2011/4/28,6.5015
2011/4/29,6.491
2011/5/3,6.4968
2011/5/4,6.4933
2011/5/5,6.4937
2011/5/6,6.4938
2011/5/9,6.4939
2011/5/10,6.4919
2011/5/11,6.493
2011/5/12,6.5
2011/5/13,6.4977
2011/5/16,6.5074
2011/5/17,6.506
2011/5/18,6.5047
2011/5/19,6.5039
2011/5/20,6.4926
2011/5/23,6.505
2011/5/24,6.4975
2011/5/25,6.4934
2011/5/26,6.4915
2011/5/27,6.4917
2011/5/30,6.4829
2011/5/31,6.4791
2011/6/1,6.478
2011/6/2,6.4828
2011/6/3,6.4796
2011/6/7,6.481
2011/6/8,6.4757
2011/6/9,6.4759
2011/6/10,6.4802
2011/6/14,6.4803
2011/6/15,6.4822
2011/6/16,6.4744
2011/6/17,6.4744
2011/6/20,6.4781
2011/6/21,6.4655
2011/6/22,6.4629
2011/6/23,6.4676
2011/6/24,6.473
2011/6/27,6.4772
2011/6/28,6.4704
2011/6/29,6.4635
2011/6/30,6.464
2011/7/1,6.4649
2011/7/4,6.4629
2011/7/5,6.4676
2011/7/6,6.467
2011/7/7,6.4658
2011/7/8,6.465
2011/7/11,6.4671
2011/7/12,6.4722
2011/7/13,6.4676
2011/7/14,6.4576
2011/7/15,6.463
2011/7/18,6.4687
2011/7/19,6.4634
2011/7/20,6.4595
2011/7/21,6.4516
2011/7/22,6.4455
2011/7/25,6.445
2011/7/26,6.4414
2011/7/27,6.4433
2011/7/28,6.4428
2011/7/29,6.4366
2011/8/1,6.434
2011/8/2,6.4382
2011/8/3,6.4341
2011/8/4,6.439
2011/8/5,6.4404
2011/8/8,6.436
2011/8/9,6.4306
2011/8/10,6.4181
2011/8/11,6.3945
2011/8/12,6.3895
2011/8/15,6.3904
2011/8/16,6.3828
2011/8/17,6.3871
2011/8/18,6.3877
2011/8/19,6.393
2011/8/22,6.4013
2011/8/23,6.397
2011/8/24,6.3885
2011/8/25,6.39
2011/8/26,6.3868
2011/8/29,6.381
2011/8/30,6.3805
2011/8/31,6.3782
2011/9/1,6.3813
2011/9/2,6.3826
2011/9/5,6.3858
2011/9/6,6.3908
2011/9/7,6.394
2011/9/8,6.384
2011/9/9,6.3882
2011/9/13,6.3991
2011/9/14,6.3964
2011/9/15,6.392
2011/9/16,6.3834
2011/9/19,6.3868
2011/9/20,6.3843
2011/9/21,6.3823
2011/9/22,6.3877
2011/9/23,6.3889
2011/9/26,6.4006
2011/9/27,6.3992
2011/9/28,6.3938
2011/9/29,6.3983
2011/9/30,6.3859
2011/10/10,6.347
2011/10/11,6.375
2011/10/12,6.3585
2011/10/13,6.382
2011/10/14,6.3785
2011/10/17,6.3706
2011/10/18,6.3813
2011/10/19,6.3775
2011/10/20,6.3855
2011/10/21,6.384
2011/10/24,6.3754
2011/10/25,6.3604
2011/10/26,6.3533
2011/10/27,6.3595
2011/10/28,6.3586
2011/10/31,6.3549
2011/11/1,6.3543
2011/11/2,6.3573
2011/11/3,6.3514
2011/11/4,6.3392
2011/11/7,6.351
2011/11/8,6.3454
2011/11/9,6.3415
2011/11/10,6.3459
2011/11/11,6.3424
2011/11/14,6.3538
2011/11/15,6.3465
2011/11/16,6.3446
2011/11/17,6.3508
2011/11/18,6.3554
2011/11/21,6.36
2011/11/22,6.3608
2011/11/23,6.359
2011/11/24,6.368
2011/11/25,6.375
2011/11/28,6.3841
2011/11/29,6.3778
2011/11/30,6.3789
2011/12/1,6.3635
2011/12/2,6.3597
2011/12/5,6.3641
2011/12/6,6.3642
2011/12/7,6.3643
2011/12/8,6.3619
2011/12/9,6.3647
2011/12/12,6.3606
2011/12/13,6.3652
2011/12/14,6.371
2011/12/15,6.3735
2011/12/16,6.3484
2011/12/19,6.3378
2011/12/20,6.3472
2011/12/21,6.3387
2011/12/22,6.339
2011/12/23,6.3364
2011/12/26,6.3198
2011/12/27,6.3226
2011/12/28,6.323
2011/12/29,6.3192
2011/12/30,6.2948
2012/1/4,6.2946
2012/1/5,6.3017
2012/1/6,6.3095
2012/1/9,6.3146
2012/1/10,6.315
2012/1/11,6.3155
2012/1/12,6.3178
2012/1/13,6.3066
2012/1/16,6.3165
2012/1/17,6.315
2012/1/18,6.312
2012/1/19,6.3167
2012/1/20,6.339
2012/1/30,6.331
2012/1/31,6.3085
2012/2/1,6.3067
2012/2/2,6.3018
2012/2/3,6.3028
2012/2/6,6.3121
2012/2/7,6.3049
2012/2/8,6.2945
2012/2/9,6.2952
2012/2/10,6.2986
2012/2/13,6.2971
2012/2/14,6.2996
2012/2/15,6.3
2012/2/16,6.3016
2012/2/17,6.2991
2012/2/20,6.3017
2012/2/21,6.2964
2012/2/22,6.296
2012/2/23,6.2985
2012/2/24,6.2978
2012/2/27,6.3019
2012/2/28,6.299
2012/2/29,6.2936
2012/3/1,6.3002
2012/3/2,6.2982
2012/3/5,6.3067
2012/3/6,6.308
2012/3/7,6.3099
2012/3/8,6.3165
2012/3/9,6.3107
2012/3/12,6.3265
2012/3/13,6.327
2012/3/14,6.3323
2012/3/15,6.33
2012/3/16,6.3227
2012/3/19,6.3233
2012/3/20,6.3241
2012/3/21,6.3229
2012/3/22,6.2997
2012/3/23,6.3078
2012/3/26,6.314
2012/3/27,6.3072
2012/3/28,6.3051
2012/3/29,6.306
2012/3/30,6.298
2012/4/5,6.3153
2012/4/6,6.3063
2012/4/9,6.3085
2012/4/11,6.3081
2012/4/12,6.3073
2012/4/13,6.303
2012/4/16,6.315
2012/4/17,6.3015
2012/4/18,6.3028
2012/4/19,6.3039
2012/4/20,6.3085
2012/4/23,6.3088
2012/4/24,6.3073
2012/4/25,6.3041
2012/4/26,6.306
2012/4/27,6.3102
2012/5/2,6.307
2012/5/3,6.305
2012/5/4,6.3062
2012/5/7,6.3079
2012/5/8,6.308
2012/5/9,6.3097
2012/5/10,6.314
2012/5/11,6.3106
2012/5/14,6.3215
2012/5/15,6.3182
2012/5/16,6.3271
2012/5/17,6.3252
2012/5/18,6.3284
2012/5/21,6.3279
2012/5/22,6.3231
2012/5/23,6.3345
2012/5/24,6.3447
2012/5/25,6.3439
2012/5/28,6.3453
2012/5/29,6.348
2012/5/30,6.3577
2012/5/31,6.369
2012/6/1,6.3709
2012/6/4,6.3645
2012/6/5,6.3675
2012/6/6,6.3635
2012/6/7,6.3635
2012/6/8,6.3705
2012/6/11,6.3694
2012/6/12,6.3699
2012/6/13,6.3691
2012/6/14,6.3703
2012/6/15,6.3651
2012/6/18,6.357
2012/6/19,6.3545
2012/6/20,6.3599
2012/6/21,6.3642
2012/6/25,6.3633
2012/6/26,6.3629
2012/6/27,6.3554
2012/6/28,6.3575
2012/6/29,6.3541
2012/7/2,6.3488
2012/7/3,6.3523
2012/7/4,6.3477
2012/7/5,6.3559
2012/7/6,6.3649
2012/7/9,6.3714
2012/7/10,6.3659
2012/7/11,6.3686
2012/7/12,6.3733
2012/7/13,6.3789
2012/7/16,6.3787
2012/7/17,6.3729
2012/7/18,6.3702
2012/7/19,6.3734
2012/7/20,6.3735
2012/7/23,6.3864
2012/7/24,6.3858
2012/7/25,6.3885
2012/7/26,6.3841
2012/7/27,6.3807
2012/7/30,6.3794
2012/7/31,6.3627
2012/8/1,6.3685
2012/8/2,6.3674
2012/8/3,6.3727
2012/8/6,6.3742
2012/8/7,6.3664
2012/8/8,6.3615
2012/8/9,6.359
2012/8/10,6.36
2012/8/13,6.3598
2012/8/14,6.3586
2012/8/15,6.3625
2012/8/16,6.3658
2012/8/17,6.3585
2012/8/20,6.3594
2012/8/21,6.3562
2012/8/22,6.3518
2012/8/23,6.3535
2012/8/24,6.3545
2012/8/27,6.3568
2012/8/28,6.353
2012/8/29,6.3517
2012/8/30,6.3496
2012/8/31,6.3484
2012/9/3,6.3407
2012/9/4,6.3473
2012/9/5,6.3492
2012/9/6,6.3428
2012/9/7,6.343
2012/9/10,6.3376
2012/9/11,6.3351
2012/9/12,6.3264
2012/9/13,6.3296
2012/9/14,6.3145
2012/9/17,6.3173
2012/9/18,6.3189
2012/9/19,6.3093
2012/9/20,6.3038
2012/9/21,6.3053
2012/9/24,6.3093
2012/9/25,6.3066
2012/9/26,6.302
2012/9/27,6.3025
2012/9/28,6.2849
2012/10/8,6.2872
2012/10/9,6.2878
2012/10/10,6.2833
2012/10/11,6.277
2012/10/12,6.2672
2012/10/15,6.2707
2012/10/16,6.2707
2012/10/17,6.2545
2012/10/18,6.2503
2012/10/19,6.2538
2012/10/22,6.2547
2012/10/23,6.248
2012/10/24,6.248
2012/10/25,6.2417
2012/10/26,6.2489
2012/10/29,6.2436
2012/10/30,6.2405
2012/10/31,6.2372
2012/11/1,6.2405
2012/11/2,6.2415
2012/11/5,6.2454
2012/11/6,6.2456
2012/11/7,6.2437
2012/11/8,6.2429
2012/11/9,6.245
2012/11/12,6.2291
2012/11/13,6.2265
2012/11/14,6.2252
2012/11/15,6.2334
2012/11/16,6.2356
2012/11/19,6.2345
2012/11/20,6.2326
2012/11/21,6.2302
2012/11/22,6.2289
2012/11/23,6.2285
2012/11/26,6.2255
2012/11/27,6.2223
2012/11/28,6.2273
2012/11/29,6.2281
2012/11/30,6.2267
2012/12/3,6.2279
2012/12/4,6.2256
2012/12/5,6.2253
2012/12/6,6.2282
2012/12/7,6.2301
2012/12/10,6.2451
2012/12/11,6.246
2012/12/12,6.2518
2012/12/13,6.2329
2012/12/14,6.2415
2012/12/17,6.235
2012/12/18,6.2324
2012/12/19,6.2303
2012/12/20,6.2302
2012/12/21,6.2286
2012/12/24,6.2335
2012/12/25,6.2339
2012/12/26,6.2353
2012/12/27,6.236
2012/12/28,6.2335
2012/12/31,6.2303
2013/1/4,6.2303
2013/1/7,6.2296
2013/1/8,6.2241
2013/1/9,6.2262
2013/1/10,6.2244
2013/1/11,6.2161
2013/1/14,6.2192
2013/1/15,6.2136
2013/1/16,6.2165
2013/1/17,6.216
2013/1/18,6.2154
2013/1/21,6.2213
2013/1/22,6.2198
2013/1/23,6.218
2013/1/24,6.2181
2013/1/25,6.2205
2013/1/28,6.2226
2013/1/29,6.2243
2013/1/30,6.2204
2013/1/31,6.2188
2013/2/1,6.227
2013/2/4,6.2328
2013/2/5,6.2294
2013/2/6,6.2317
2013/2/7,6.2322
2013/2/8,6.2325
2013/2/18,6.2427
2013/2/19,6.2443
2013/2/20,6.2376
2013/2/21,6.2405
2013/2/22,6.2351
2013/2/25,6.2339
2013/2/26,6.2295
2013/2/27,6.2273
2013/2/28,6.2213
2013/3/1,6.2237
2013/3/4,6.2251
2013/3/5,6.2209
2013/3/6,6.2181
2013/3/7,6.2202
2013/3/8,6.2147
2013/3/11,6.2181
2013/3/12,6.2162
2013/3/13,6.2138
2013/3/14,6.2155
2013/3/15,6.2135
2013/3/18,6.2158
2013/3/19,6.2157
2013/3/20,6.2118
2013/3/21,6.2143
2013/3/22,6.2122
2013/3/25,6.2107
2013/3/26,6.211
2013/3/27,6.2138
2013/3/28,6.2143
2013/3/29,6.2108
2013/4/1,6.208
2013/4/2,6.1986
2013/4/3,6.201
2013/4/8,6.2033
2013/4/9,6.2024
2013/4/10,6.1939
2013/4/11,6.1963
2013/4/12,6.1922
2013/4/15,6.1871
2013/4/16,6.1831
2013/4/17,6.1723
2013/4/18,6.1813
2013/4/19,6.1776
2013/4/22,6.1826
2013/4/23,6.1791
2013/4/24,6.1781
2013/4/25,6.1707
2013/4/26,6.165
2013/5/2,6.156
2013/5/3,6.1556
2013/5/6,6.1667
2013/5/7,6.1541
2013/5/8,6.141
2013/5/9,6.1309
2013/5/10,6.1417
2013/5/13,6.1468
2013/5/14,6.1428
2013/5/15,6.1459
2013/5/16,6.1492
2013/5/17,6.1419
2013/5/20,6.1389
2013/5/21,6.1356
2013/5/22,6.1311
2013/5/23,6.134
2013/5/24,6.1316
2013/5/27,6.1211
2013/5/28,6.1215
2013/5/29,6.1267
2013/5/30,6.1309
2013/5/31,6.1345
2013/6/3,6.1317
2013/6/4,6.1286
2013/6/5,6.1278
2013/6/6,6.1362
2013/6/7,6.1335
2013/6/13,6.1344
2013/6/14,6.1308
2013/6/17,6.125
2013/6/18,6.1285
2013/6/19,6.1269
2013/6/20,6.1282
2013/6/21,6.1342
2013/6/24,6.1451
2013/6/25,6.1453
2013/6/26,6.147
2013/6/27,6.149
2013/6/28,6.1376
2013/7/1,6.1327
2013/7/2,6.133
2013/7/3,6.1308
2013/7/4,6.1258
2013/7/5,6.1326
2013/7/8,6.1337
2013/7/9,6.1295
2013/7/10,6.1341
2013/7/11,6.1352
2013/7/12,6.1375
2013/7/15,6.1378
2013/7/16,6.135
2013/7/17,6.1353
2013/7/18,6.1413
2013/7/19,6.1379
2013/7/22,6.1413
2013/7/23,6.1374
2013/7/24,6.136
2013/7/25,6.1347
2013/7/26,6.1316
2013/7/29,6.1325
2013/7/30,6.1317
2013/7/31,6.1289
2013/8/1,6.1305
2013/8/2,6.1294
2013/8/5,6.1247
2013/8/6,6.1217
2013/8/7,6.1192
2013/8/8,6.1225
2013/8/9,6.1219
2013/8/12,6.1223
2013/8/13,6.1217
2013/8/14,6.1196
2013/8/15,6.1125
2013/8/16,6.115
2013/8/19,6.1229
2013/8/20,6.1246
2013/8/21,6.1234
2013/8/22,6.1211
2013/8/23,6.121
2013/8/26,6.1225
2013/8/27,6.1217
2013/8/28,6.1202
2013/8/29,6.1205
2013/8/30,6.1195
2013/9/2,6.1196
2013/9/3,6.1206
2013/9/4,6.1201
2013/9/5,6.1199
2013/9/6,6.1205
2013/9/9,6.121
2013/9/10,6.12
2013/9/11,6.1185
2013/9/12,6.118
2013/9/13,6.1188
2013/9/16,6.1203
2013/9/17,6.1215
2013/9/18,6.1212
2013/9/23,6.121
2013/9/24,6.121
2013/9/25,6.12
2013/9/26,6.1214
2013/9/27,6.1202
2013/9/30,6.122
2013/10/8,6.1211
2013/10/9,6.1211
2013/10/10,6.1158
2013/10/11,6.1206
2013/10/14,6.1079
2013/10/15,6.1026
2013/10/16,6.0995
2013/10/17,6.0982
2013/10/18,6.0968
2013/10/21,6.0925
2013/10/22,6.0935
2013/10/23,6.0835
2013/10/24,6.082
2013/10/25,6.084
2013/10/28,6.0855
2013/10/29,6.0902
2013/10/30,6.0938
2013/10/31,6.0945
2013/11/1,6.0995
2013/11/4,6.0992
2013/11/5,6.0968
2013/11/6,6.0927
2013/11/7,6.0908
2013/11/8,6.0905
2013/11/11,6.0913
2013/11/12,6.0919
2013/11/13,6.0928
2013/11/14,6.0922
2013/11/15,6.0922
2013/11/18,6.092
2013/11/19,6.0927
2013/11/20,6.0929
2013/11/21,6.0932
2013/11/22,6.0936
2013/11/25,6.0926
2013/11/26,6.0927
2013/11/27,6.0924
2013/11/28,6.0925
2013/11/29,6.0932
2013/12/2,6.0929
2013/12/3,6.0924
2013/12/4,6.0916
2013/12/5,6.0913
2013/12/6,6.0817
2013/12/9,6.0723
2013/12/10,6.071
2013/12/11,6.0717
2013/12/12,6.0711
2013/12/13,6.0712
2013/12/16,6.0715
2013/12/17,6.071
2013/12/18,6.0718
2013/12/19,6.0713
2013/12/20,6.0713
2013/12/23,6.0702
2013/12/24,6.0714
2013/12/25,6.0714
2013/12/26,6.0746
2013/12/27,6.0686
2013/12/30,6.0618
2013/12/31,6.0539
2014/1/2,6.0506
2014/1/3,6.0515
2014/1/6,6.0526
2014/1/7,6.0512
2014/1/8,6.0512
2014/1/9,6.055
2014/1/10,6.0521
2014/1/13,6.0434
2014/1/14,6.0412
2014/1/15,6.046
2014/1/16,6.0557
2014/1/17,6.0502
2014/1/20,6.0527
2014/1/21,6.0505
2014/1/22,6.0513
2014/1/23,6.0517
2014/1/24,6.0488
2014/1/27,6.048
2014/1/28,6.0508
2014/1/29,6.0553
2014/1/30,6.06
2014/2/7,6.0634
2014/2/10,6.0593
2014/2/11,6.0606
2014/2/12,6.0624
2014/2/13,6.0636
2014/2/14,6.0668
2014/2/17,6.0641
2014/2/18,6.0673
2014/2/19,6.0764
2014/2/20,6.0834
2014/2/21,6.0914
2014/2/24,6.0984
2014/2/25,6.1266
2014/2/26,6.1248
2014/2/27,6.1284
2014/2/28,6.145
2014/3/3,6.1462
2014/3/4,6.143
2014/3/5,6.1282
2014/3/6,6.1185
2014/3/7,6.126
2014/3/10,6.1385
2014/3/11,6.1402
2014/3/12,6.145
2014/3/13,6.1361
2014/3/14,6.1502
2014/3/17,6.1781
2014/3/18,6.192
2014/3/19,6.1965
2014/3/20,6.2275
2014/3/21,6.225
2014/3/24,6.1888
2014/3/25,6.2024
2014/3/26,6.2094
2014/3/27,6.213
2014/3/28,6.2122
2014/3/31,6.218
2014/4/1,6.2069
2014/4/2,6.2056
2014/4/3,6.2107
2014/4/4,6.2123
2014/4/8,6.1968
2014/4/9,6.2005
2014/4/10,6.2125
2014/4/11,6.2113
2014/4/14,6.2191
2014/4/15,6.222
2014/4/16,6.2214
2014/4/17,6.219
2014/4/18,6.2242
2014/4/21,6.2274
2014/4/22,6.2375
2014/4/23,6.2376
2014/4/24,6.2489
2014/4/25,6.2536
2014/4/28,6.253
2014/4/29,6.258
2014/4/30,6.2593
2014/5/5,6.2455
2014/5/6,6.2257
2014/5/7,6.2343
2014/5/8,6.228
2014/5/9,6.228
2014/5/12,6.2375
2014/5/13,6.2291
2014/5/14,6.2289
2014/5/15,6.2306
2014/5/16,6.2334
2014/5/19,6.2374
2014/5/20,6.2384
2014/5/21,6.2337
2014/5/22,6.235
2014/5/23,6.2365
2014/5/26,6.2392
2014/5/27,6.2486
2014/5/28,6.2556
2014/5/29,6.2399
2014/5/30,6.2473
2014/6/3,6.2541
2014/6/4,6.2504
2014/6/5,6.2548
2014/6/6,6.2502
2014/6/9,6.2404
2014/6/10,6.225
2014/6/11,6.2279
2014/6/12,6.2185
2014/6/13,6.2107
2014/6/16,6.225
2014/6/17,6.2269
2014/6/18,6.2314
2014/6/19,6.2296
2014/6/20,6.226
2014/6/23,6.2266
2014/6/24,6.2315
2014/6/25,6.2344
2014/6/26,6.2251
2014/6/27,6.2181
2014/6/30,6.205
2014/7/1,6.2016
2014/7/2,6.2106
2014/7/3,6.2129
2014/7/4,6.2043
2014/7/7,6.204
2014/7/8,6.2022
2014/7/9,6.1999
2014/7/10,6.2028
2014/7/11,6.2037
2014/7/14,6.2059
2014/7/15,6.208
2014/7/16,6.2047
2014/7/17,6.2045
2014/7/18,6.208
2014/7/21,6.2089
2014/7/22,6.2037
2014/7/23,6.1983
2014/7/24,6.1949
2014/7/25,6.1915
2014/7/28,6.1863
2014/7/29,6.1815
2014/7/30,6.1717
2014/7/31,6.1747
2014/8/1,6.1798
2014/8/4,6.1785
2014/8/5,6.1708
2014/8/6,6.1633
2014/8/7,6.1619
2014/8/8,6.1567
2014/8/11,6.1536
2014/8/12,6.1583
2014/8/13,6.1544
2014/8/14,6.1531
2014/8/15,6.147
2014/8/18,6.1437
2014/8/19,6.1418
2014/8/20,6.1413
2014/8/21,6.1514
2014/8/22,6.1529
2014/8/25,6.155
2014/8/26,6.1523
2014/8/27,6.1432
2014/8/28,6.1446
2014/8/29,6.1432
2014/9/1,6.1428
2014/9/2,6.1488
2014/9/3,6.1411
2014/9/4,6.1386
2014/9/5,6.1412
2014/9/9,6.137
2014/9/10,6.1299
2014/9/11,6.13
2014/9/12,6.1346
2014/9/15,6.142
2014/9/16,6.1462
2014/9/17,6.1401
2014/9/18,6.1406
2014/9/19,6.1405
2014/9/22,6.1404
2014/9/23,6.1378
2014/9/24,6.1346
2014/9/25,6.1363
2014/9/26,6.127
2014/9/29,6.1501
2014/9/30,6.1395
2014/10/8,6.139
2014/10/9,6.1305
2014/10/10,6.1309
2014/10/13,6.1259
2014/10/14,6.1247
2014/10/15,6.1259
2014/10/16,6.1231
2014/10/17,6.124
2014/10/20,6.1229
2014/10/21,6.1212
2014/10/22,6.1185
2014/10/23,6.1195
2014/10/24,6.1172
2014/10/27,6.1167
2014/10/28,6.1133
2014/10/29,6.1112
2014/10/30,6.1159
2014/10/31,6.1135
2014/11/3,6.1183
2014/11/4,6.1152
2014/11/5,6.1146
2014/11/6,6.1123
2014/11/7,6.1229
2014/11/10,6.1196
2014/11/11,6.1252
2014/11/12,6.1262
2014/11/13,6.1248
2014/11/14,6.1307
2014/11/17,6.1241
2014/11/18,6.1213
2014/11/19,6.1198
2014/11/20,6.1245
2014/11/21,6.1249
2014/11/24,6.1417
2014/11/25,6.1365
2014/11/26,6.1389
2014/11/27,6.1392
2014/11/28,6.145
2014/12/1,6.152
2014/12/2,6.1503
2014/12/3,6.15
2014/12/4,6.1546
2014/12/5,6.1502
2014/12/8,6.1727
2014/12/9,6.1855
2014/12/10,6.1768
2014/12/11,6.1886
2014/12/12,6.1869
2014/12/15,6.1912
2014/12/16,6.1903
2014/12/17,6.1975
2014/12/18,6.2163
2014/12/19,6.2202
2014/12/22,6.2216
2014/12/23,6.226
2014/12/24,6.2163
2014/12/25,6.1976
2014/12/26,6.2129
2014/12/29,6.2218
2014/12/30,6.202
2014/12/31,6.204
2015/1/5,6.22
2015/1/6,6.213
2015/1/7,6.2125
2015/1/8,6.2145
2015/1/9,6.2086
2015/1/12,6.2036
2015/1/13,6.1983
2015/1/14,6.1957
2015/1/15,6.1881
2015/1/16,6.2066
2015/1/19,6.2203
2015/1/20,6.2142
2015/1/21,6.2115
2015/1/22,6.2095
2015/1/23,6.2288
2015/1/26,6.2542
2015/1/27,6.2435
2015/1/28,6.248
2015/1/29,6.2469
2015/1/30,6.251
2015/2/2,6.2597
2015/2/3,6.2581
2015/2/4,6.2477
2015/2/5,6.2521
2015/2/6,6.2447
2015/2/9,6.2472
2015/2/10,6.2416
2015/2/11,6.2427
2015/2/12,6.2454
2015/2/13,6.2405
2015/2/16,6.2485
2015/2/17,6.2551
2015/2/25,6.2598
2015/2/26,6.2589
2015/2/27,6.2696
2015/3/2,6.273
2015/3/3,6.2743
2015/3/4,6.2709
2015/3/5,6.2662
2015/3/6,6.2629
2015/3/9,6.2644
2015/3/10,6.262
2015/3/11,6.2623
2015/3/12,6.2624
2015/3/13,6.2595
2015/3/16,6.2624
2015/3/17,6.2499
2015/3/18,6.2294
2015/3/19,6.1961
2015/3/20,6.2062
2015/3/23,6.216
2015/3/24,6.2053
2015/3/25,6.2125
2015/3/26,6.2124
2015/3/27,6.2167
2015/3/30,6.2077
2015/3/31,6.1996
2015/4/1,6.198
2015/4/2,6.197
2015/4/3,6.195
2015/4/7,6.1983
2015/4/8,6.2032
2015/4/9,6.206
2015/4/10,6.208
2015/4/13,6.2167
2015/4/14,6.2118
2015/4/15,6.2052
2015/4/16,6.1967
2015/4/17,6.1978
2015/4/20,6.2015
2015/4/21,6.2016
2015/4/22,6.195
2015/4/23,6.198
2015/4/24,6.195
2015/4/27,6.2206
2015/4/28,6.2057
2015/4/29,6.1997
2015/4/30,6.2028
2015/5/4,6.209
2015/5/5,6.2062
2015/5/6,6.2007
2015/5/7,6.2069
2015/5/8,6.2094
2015/5/11,6.2096
2015/5/12,6.2092
2015/5/13,6.2044
2015/5/14,6.2012
2015/5/15,6.2061
2015/5/18,6.2043
2015/5/19,6.2066
2015/5/20,6.2038
2015/5/21,6.1968
2015/5/22,6.1976
2015/5/25,6.202
2015/5/26,6.204
2015/5/27,6.2014
2015/5/28,6.2012
2015/5/29,6.1985
2015/6/1,6.1995
2015/6/2,6.1984
2015/6/3,6.1976
2015/6/4,6.201
2015/6/5,6.2034
2015/6/8,6.2056
2015/6/9,6.2057
2015/6/10,6.2061
2015/6/11,6.2065
2015/6/12,6.2081
2015/6/15,6.209
2015/6/16,6.2084
2015/6/17,6.2096
2015/6/18,6.2075
2015/6/19,6.2095
2015/6/23,6.2068
2015/6/24,6.2071
2015/6/25,6.2094
2015/6/26,6.209
2015/6/29,6.2087
2015/6/30,6.201
2015/7/1,6.2011
2015/7/2,6.2049
2015/7/3,6.2057
2015/7/6,6.2092
2015/7/7,6.21
2015/7/8,6.2094
2015/7/9,6.2088
2015/7/10,6.2092
2015/7/13,6.2084
2015/7/14,6.2089
2015/7/15,6.2092
2015/7/16,6.2095
2015/7/17,6.2095
2015/7/20,6.2097
2015/7/21,6.2096
2015/7/22,6.2095
2015/7/23,6.2095
2015/7/24,6.2095
2015/7/27,6.2095
2015/7/28,6.2094
2015/7/29,6.2091
2015/7/30,6.2096
2015/7/31,6.2097
2015/8/3,6.2097
2015/8/4,6.2096
2015/8/5,6.2096
2015/8/6,6.2097
2015/8/7,6.2097
2015/8/10,6.2097
2015/8/11,6.3231
2015/8/12,6.387
2015/8/13,6.399
2015/8/14,6.3918
2015/8/17,6.3947
2015/8/18,6.3938
2015/8/19,6.3955
2015/8/20,6.389
2015/8/21,6.3887
2015/8/24,6.4044
2015/8/25,6.4124
2015/8/26,6.4105
2015/8/27,6.4053
2015/8/28,6.3885
2015/8/31,6.3763
2015/9/1,6.3645
2015/9/2,6.3559
2015/9/7,6.3659
2015/9/8,6.3672
2015/9/9,6.3778
2015/9/10,6.3772
2015/9/11,6.375
2015/9/14,6.3679
2015/9/15,6.37
2015/9/16,6.3709
2015/9/17,6.366
2015/9/18,6.3643
2015/9/21,6.3691
2015/9/22,6.376
2015/9/23,6.3839
2015/9/24,6.3828
2015/9/25,6.3744
2015/9/28,6.369
2015/9/29,6.3636
2015/9/30,6.3571
2015/10/8,6.3537
2015/10/9,6.3453
2015/10/12,6.323
2015/10/13,6.3429
2015/10/14,6.3477
2015/10/15,6.346
2015/10/16,6.3529
2015/10/19,6.3601
2015/10/20,6.3488
2015/10/21,6.3482
2015/10/22,6.3574
2015/10/23,6.35
2015/10/26,6.3529
2015/10/27,6.3532
2015/10/28,6.3592
2015/10/29,6.3567
2015/10/30,6.3175
2015/11/2,6.3379
2015/11/3,6.3366
2015/11/4,6.336
2015/11/5,6.3466
2015/11/6,6.353
2015/11/9,6.3622
2015/11/10,6.3618
2015/11/11,6.3665
2015/11/12,6.3692
2015/11/13,6.374
2015/11/16,6.3724
2015/11/17,6.3786
2015/11/18,6.3849
2015/11/19,6.384
2015/11/20,6.385
2015/11/23,6.3896
2015/11/24,6.3895
2015/11/25,6.3892
2015/11/26,6.3896
2015/11/27,6.3952
2015/11/30,6.3981
2015/12/1,6.3986
2015/12/2,6.3988
2015/12/3,6.3972
2015/12/4,6.402
2015/12/7,6.4082
2015/12/8,6.4172
2015/12/9,6.428
2015/12/10,6.4378
2015/12/11,6.4553
2015/12/14,6.4591
2015/12/15,6.461
2015/12/16,6.4733
2015/12/17,6.4837
2015/12/18,6.4815
2015/12/21,6.4808
2015/12/22,6.4788
2015/12/23,6.4778
2015/12/24,6.4768
2015/12/25,6.4763
2015/12/28,6.488
2015/12/29,6.4852
2015/12/30,6.4902
2015/12/31,6.4936
2016/1/4,6.5172
2016/1/5,6.5199
2016/1/6,6.5575
2016/1/7,6.5939
2016/1/8,6.5888
2016/1/11,6.5822
2016/1/12,6.575
2016/1/13,6.575
2016/1/14,6.5887
2016/1/15,6.5873
2016/1/18,6.5793
2016/1/19,6.5782
2016/1/20,6.5796
2016/1/21,6.5793
2016/1/22,6.5794
2016/1/25,6.5794
2016/1/26,6.5797
2016/1/27,6.578
2016/1/28,6.5755
2016/1/29,6.5789
2016/2/1,6.5792
2016/2/2,6.5797
2016/2/3,6.5793
2016/2/4,6.5777
2016/2/5,6.5695
2016/2/15,6.4944
2016/2/16,6.5136
2016/2/17,6.5259
2016/2/18,6.5176
2016/2/19,6.5204
2016/2/22,6.5195
2016/2/23,6.5264
2016/2/24,6.5326
2016/2/25,6.534
2016/2/26,6.5372
2016/2/29,6.5472
2016/3/1,6.5472
2016/3/2,6.5515
2016/3/3,6.5428
2016/3/4,6.5218
2016/3/7,6.515
2016/3/8,6.5055
2016/3/9,6.515
2016/3/10,6.5159
2016/3/11,6.4985
2016/3/14,6.495
2016/3/15,6.5105
2016/3/16,6.521
2016/3/17,6.493
2016/3/18,6.4727
2016/3/21,6.4858
2016/3/22,6.4926
2016/3/23,6.4969
2016/3/24,6.5126
2016/3/25,6.5154
2016/3/28,6.516
2016/3/29,6.5115
2016/3/30,6.478
2016/3/31,6.4676
2016/4/1,6.4644
2016/4/5,6.4732
2016/4/6,6.482
2016/4/7,6.4729
2016/4/8,6.4753
2016/4/11,6.47
2016/4/12,6.4592
2016/4/13,6.4678
2016/4/14,6.4875
2016/4/15,6.4816
2016/4/18,6.4803
2016/4/19,6.4722
2016/4/20,6.4693
2016/4/21,6.4793
2016/4/22,6.493
2016/4/25,6.4969
2016/4/26,6.4935
2016/4/27,6.4935
2016/4/28,6.4818
2016/4/29,6.4855
2016/5/3,6.4743
2016/5/4,6.5
2016/5/5,6.5068
2016/5/6,6.5023
2016/5/9,6.5068
2016/5/10,6.5155
2016/5/11,6.512
2016/5/12,6.5122
2016/5/13,6.5202
2016/5/16,6.5209
2016/5/17,6.5227
2016/5/18,6.5353
2016/5/19,6.544
2016/5/20,6.5433
2016/5/23,6.5519
2016/5/24,6.5567
2016/5/25,6.562
2016/5/26,6.5619
2016/5/27,6.5597
2016/5/30,6.5825
2016/5/31,6.5846
2016/6/1,6.5821
2016/6/2,6.5792
2016/6/3,6.5855
2016/6/6,6.5648
2016/6/7,6.572
2016/6/8,6.5703
2016/6/13,6.5863
2016/6/14,6.5905
2016/6/15,6.5883
2016/6/16,6.584
2016/6/17,6.591
2016/6/20,6.5792
2016/6/21,6.5799
2016/6/22,6.5807
2016/6/23,6.5778
2016/6/24,6.6148
2016/6/27,6.6393
2016/6/28,6.6487
2016/6/29,6.6464
2016/6/30,6.6433
2016/7/1,6.6582
2016/7/4,6.6636
2016/7/5,6.6695
2016/7/6,6.69
2016/7/7,6.683
2016/7/8,6.6881
2016/7/11,6.6879
2016/7/12,6.685
2016/7/13,6.6922
2016/7/14,6.6871
2016/7/15,6.6804
2016/7/18,6.6987
2016/7/19,6.6893
2016/7/20,6.678
2016/7/21,6.6783
2016/7/22,6.6704
2016/7/25,6.6799
2016/7/26,6.6766
2016/7/27,6.6697
2016/7/28,6.6566
2016/7/29,6.6548
2016/8/1,6.639
2016/8/2,6.6389
2016/8/3,6.6308
2016/8/4,6.6392
2016/8/5,6.6452
2016/8/8,6.6624
2016/8/9,6.6619
2016/8/10,6.643
2016/8/11,6.6415
2016/8/12,6.6446
2016/8/15,6.6406
2016/8/16,6.626
2016/8/17,6.631
2016/8/18,6.6322
2016/8/19,6.65
2016/8/22,6.6578
2016/8/23,6.6416
2016/8/24,6.651
2016/8/25,6.6535
2016/8/26,6.6688
2016/8/29,6.679
2016/8/30,6.68
2016/8/31,6.6783
2016/9/1,6.68
2016/9/2,6.68
2016/9/5,6.6752
2016/9/6,6.6803
2016/9/7,6.6641
2016/9/8,6.6639
2016/9/9,6.6799
2016/9/12,6.6799
2016/9/13,6.68
2016/9/14,6.6711
2016/9/19,6.6716
2016/9/20,6.6711
2016/9/21,6.6713
2016/9/22,6.6693
2016/9/23,6.67
2016/9/26,6.6699
2016/9/27,6.6684
2016/9/28,6.6712
2016/9/29,6.669
2016/9/30,6.67
2016/10/10,6.7028
2016/10/11,6.7148
2016/10/12,6.7139
2016/10/13,6.7299
2016/10/14,6.7255
2016/10/17,6.7396
2016/10/18,6.7393
2016/10/19,6.7393
2016/10/20,6.7396
2016/10/21,6.7599
2016/10/24,6.7718
2016/10/25,6.7778
2016/10/26,6.7686
2016/10/27,6.7778
2016/10/28,6.7795
2016/10/31,6.7708
2016/11/1,6.7744
2016/11/2,6.7613
2016/11/3,6.7608
2016/11/4,6.7591
2016/11/7,6.7758
2016/11/8,6.78
2016/11/9,6.7731
2016/11/10,6.7925
2016/11/11,6.8155
2016/11/14,6.8409
2016/11/15,6.853
2016/11/16,6.87
2016/11/17,6.87
2016/11/18,6.8912
2016/11/21,6.8956
2016/11/22,6.888
2016/11/23,6.8928
2016/11/24,6.9189
2016/11/25,6.9151
2016/11/28,6.9022
2016/11/29,6.8914
2016/11/30,6.887
2016/12/1,6.8949
2016/12/2,6.8818
2016/12/5,6.8861
2016/12/6,6.8762
2016/12/7,6.885
2016/12/8,6.8799
2016/12/9,6.9005
2016/12/12,6.9152
2016/12/13,6.9015
2016/12/14,6.9049
2016/12/15,6.9354
2016/12/16,6.9547
2016/12/19,6.945
2016/12/20,6.9509
2016/12/21,6.9512
2016/12/22,6.9466
2016/12/23,6.9494
2016/12/26,6.9497
2016/12/27,6.9498
2016/12/28,6.9549
2016/12/29,6.9547
2016/12/30,6.9495
2017/1/3,6.9557
2017/1/4,6.9485
2017/1/5,6.8817
2017/1/6,6.923
2017/1/9,6.9344
2017/1/10,6.9242
2017/1/11,6.9266
2017/1/12,6.9
2017/1/13,6.9
2017/1/16,6.8976
2017/1/17,6.8728
2017/1/18,6.8342
2017/1/19,6.876
2017/1/20,6.8752
2017/1/23,6.8552
2017/1/24,6.857
2017/1/25,6.8796
2017/1/26,6.878
2017/2/3,6.874
2017/2/6,6.8637
2017/2/7,6.8815
2017/2/8,6.878
2017/2/9,6.8672
2017/2/10,6.8814
2017/2/13,6.8793
2017/2/14,6.8674
2017/2/15,6.8672
2017/2/16,6.8585
2017/2/17,6.8709
2017/2/20,6.8782
2017/2/21,6.8826
2017/2/22,6.878
2017/2/23,6.8774
2017/2/24,6.8718
2017/2/27,6.8714
2017/2/28,6.8689
2017/3/1,6.88
2017/3/2,6.882
2017/3/3,6.898
2017/3/6,6.8929
2017/3/7,6.8987
2017/3/8,6.907
2017/3/9,6.9085
2017/3/10,6.9157
2017/3/13,6.9092
2017/3/14,6.9131
2017/3/15,6.9121
2017/3/16,6.8978
2017/3/17,6.9085
2017/3/20,6.9043
2017/3/21,6.8977
2017/3/22,6.8871
2017/3/23,6.8875
2017/3/24,6.8876
2017/3/27,6.8764
2017/3/28,6.8858
2017/3/29,6.8897
2017/3/30,6.8905
2017/3/31,6.8915
2017/4/5,6.8965
2017/4/6,6.901
2017/4/7,6.8993
2017/4/10,6.9052
2017/4/11,6.903
2017/4/12,6.8922
2017/4/13,6.8825
2017/4/14,6.8869
2017/4/17,6.8876
2017/4/18,6.8852
2017/4/19,6.8873
2017/4/20,6.8835
2017/4/21,6.8838
2017/4/24,6.8864
2017/4/25,6.8863
2017/4/26,6.8908
2017/4/27,6.8922
2017/4/28,6.8973
2017/5/2,6.8965
2017/5/3,6.8917
2017/5/4,6.8968
2017/5/5,6.9
2017/5/8,6.9033
2017/5/9,6.9057
2017/5/10,6.904
2017/5/11,6.9035
2017/5/12,6.9027
2017/5/15,6.8976
2017/5/16,6.8897
2017/5/17,6.891
2017/5/18,6.8903
2017/5/19,6.8926
2017/5/22,6.8924
2017/5/23,6.8897
2017/5/24,6.8909
2017/5/25,6.8678
2017/5/26,6.861
2017/5/31,6.821
2017/6/1,6.8061
2017/6/2,6.8162
2017/6/5,6.8014
2017/6/6,6.7968
2017/6/7,6.794
2017/6/8,6.7938
2017/6/9,6.7988
2017/6/12,6.7981
2017/6/13,6.7981
2017/6/14,6.797
2017/6/15,6.7975
2017/6/16,6.8139
2017/6/19,6.817
2017/6/20,6.8265
2017/6/21,6.829
2017/6/22,6.8307
2017/6/23,6.8387
2017/6/26,6.8378
2017/6/27,6.8101
2017/6/28,6.7992
2017/6/29,6.7787
2017/6/30,6.7796
2017/7/3,6.7897
2017/7/4,6.7999
2017/7/5,6.7993
2017/7/6,6.8037
2017/7/7,6.7995
2017/7/10,6.8019
2017/7/11,6.8
2017/7/12,6.7875
2017/7/13,6.7817
2017/7/14,6.7741
2017/7/17,6.7699
2017/7/18,6.758
2017/7/19,6.7556
2017/7/20,6.7688
2017/7/21,6.7681
2017/7/24,6.7505
2017/7/25,6.7512
2017/7/26,6.7545
2017/7/27,6.7376
2017/7/28,6.7429
2017/7/31,6.729
2017/8/1,6.7194
2017/8/2,6.7219
2017/8/3,6.7233
2017/8/4,6.7181
2017/8/7,6.7182
2017/8/8,6.7035
2017/8/9,6.6776
2017/8/10,6.661
2017/8/11,6.6668
2017/8/14,6.6687
2017/8/15,6.6771
2017/8/16,6.6955
2017/8/17,6.6731
2017/8/18,6.6785
2017/8/21,6.6702
2017/8/22,6.6605
2017/8/23,6.6636
2017/8/24,6.66
2017/8/25,6.6645
2017/8/28,6.6323
2017/8/29,6.5975
2017/8/30,6.5927
2017/8/31,6.5969
2017/9/1,6.5679
2017/9/4,6.52
2017/9/5,6.5516
2017/9/6,6.5246
2017/9/7,6.4972
2017/9/8,6.4617
2017/9/11,6.5239
2017/9/12,6.535
2017/9/13,6.5309
2017/9/14,6.5543
2017/9/15,6.5442
2017/9/18,6.5618
2017/9/19,6.5859
2017/9/20,6.5742
2017/9/21,6.5934
2017/9/22,6.5922
2017/9/25,6.6205
2017/9/26,6.6305
2017/9/27,6.635
2017/9/28,6.6699
2017/9/29,6.647
2017/10/9,6.6285
2017/10/10,6.5861
2017/10/11,6.5887
2017/10/12,6.5888
2017/10/13,6.5868
2017/10/16,6.5912
2017/10/17,6.616
2017/10/18,6.6205
2017/10/19,6.6277
2017/10/20,6.62
2017/10/23,6.6398
2017/10/24,6.6332
2017/10/25,6.6408
2017/10/26,6.6357
2017/10/27,6.6528
2017/10/30,6.6476
2017/10/31,6.6272
2017/11/1,6.6161
2017/11/2,6.6063
2017/11/3,6.6295
2017/11/6,6.6339
2017/11/7,6.6324
2017/11/8,6.6343
2017/11/9,6.6391
2017/11/10,6.64
2017/11/13,6.6422
2017/11/14,6.6431
2017/11/15,6.6298
2017/11/16,6.6327
2017/11/17,6.6353
2017/11/20,6.63
2017/11/21,6.6337
2017/11/22,6.6159
2017/11/23,6.5823
2017/11/24,6.6037
2017/11/27,6.5979
2017/11/28,6.5949
2017/11/29,6.5988
2017/11/30,6.6107
2017/12/1,6.6065
2017/12/4,6.6187
2017/12/5,6.6131
2017/12/6,6.615
2017/12/7,6.6155
2017/12/8,6.6175
2017/12/11,6.6173
2017/12/12,6.6212
2017/12/13,6.6203
2017/12/14,6.6088
2017/12/15,6.6084
2017/12/18,6.617
2017/12/19,6.6075
2017/12/20,6.5798
2017/12/21,6.5858
2017/12/22,6.5687
2017/12/25,6.5404
2017/12/26,6.544
2017/12/27,6.5555
2017/12/28,6.5348
2017/12/29,6.512
2018/1/2,6.4967
2018/1/3,6.5017
2018/1/4,6.4968
2018/1/5,6.4851
2018/1/8,6.4956
2018/1/9,6.5207
2018/1/10,6.5179
2018/1/11,6.5088
2018/1/12,6.468
2018/1/15,6.4417
2018/1/16,6.4366
2018/1/17,6.4325
2018/1/18,6.4255
2018/1/19,6.404
2018/1/22,6.4036
2018/1/23,6.4042
2018/1/24,6.3875
2018/1/25,6.335
2018/1/26,6.3227
2018/1/29,6.3266
2018/1/30,6.3415
2018/1/31,6.292
2018/2/1,6.296
2018/2/2,6.2798
2018/2/5,6.2927
2018/2/6,6.2783
2018/2/7,6.2596
2018/2/8,6.326
2018/2/9,6.3004
2018/2/12,6.329
2018/2/13,6.344
2018/2/14,6.3441
2018/2/22,6.3605
2018/2/23,6.338
2018/2/26,6.307
2018/2/27,6.3064
2018/2/28,6.3335
2018/3/1,6.343
2018/3/2,6.3472
2018/3/5,6.3406
2018/3/6,6.3401
2018/3/7,6.3229
2018/3/8,6.3321
2018/3/9,6.337
2018/3/12,6.3236
2018/3/13,6.3294
2018/3/14,6.3162
2018/3/15,6.3221
2018/3/16,6.3247
2018/3/19,6.3322
2018/3/20,6.3301
2018/3/21,6.3315
2018/3/22,6.3212
2018/3/23,6.324
2018/3/26,6.2849
2018/3/27,6.2728
2018/3/28,6.2884
2018/3/29,6.2904
2018/3/30,6.2733
2018/4/2,6.2803
2018/4/3,6.2844
2018/4/4,6.2999
2018/4/9,6.3107
2018/4/10,6.2962
2018/4/11,6.286
2018/4/12,6.2814
2018/4/13,6.2825
2018/4/16,6.2811
2018/4/17,6.2764
2018/4/18,6.2854
2018/4/19,6.2778
2018/4/20,6.2898
2018/4/23,6.3044
2018/4/24,6.3092
2018/4/25,6.3204
2018/4/26,6.33
2018/4/27,6.3439
2018/5/2,6.3602
2018/5/3,6.3532
2018/5/4,6.3589
2018/5/7,6.3649
2018/5/8,6.3676
2018/5/9,6.3784
2018/5/10,6.3613
2018/5/11,6.3351
2018/5/14,6.3368
2018/5/15,6.3535
2018/5/16,6.3685
2018/5/17,6.3671
2018/5/18,6.376
2018/5/21,6.3888
2018/5/22,6.3709
2018/5/23,6.3852
2018/5/24,6.3846
2018/5/25,6.3891
2018/5/28,6.3938
2018/5/29,6.4188
2018/5/30,6.4248
2018/5/31,6.401
2018/6/1,6.4169
2018/6/4,6.4123
2018/6/5,6.4015
2018/6/6,6.3956
2018/6/7,6.3933
2018/6/8,6.4097
2018/6/11,6.4016
2018/6/12,6.4041
2018/6/13,6.4051
2018/6/14,6.3923
2018/6/15,6.4168
2018/6/19,6.4743
2018/6/20,6.4715
2018/6/21,6.4917
2018/6/22,6.4964
2018/6/25,6.524
2018/6/26,6.556
2018/6/27,6.595
2018/6/28,6.625
2018/6/29,6.6246
2018/7/2,6.649
2018/7/3,6.6672
2018/7/4,6.6211
2018/7/5,6.6372
2018/7/6,6.648
2018/7/9,6.6175
2018/7/10,6.623
2018/7/11,6.6674
2018/7/12,6.6679
2018/7/13,6.6905
2018/7/16,6.6838
2018/7/17,6.679
2018/7/18,6.7145
2018/7/19,6.7734
2018/7/20,6.7795
2018/7/23,6.7834
2018/7/24,6.81
2018/7/25,6.7784
2018/7/26,6.7825
2018/7/27,6.8246
2018/7/30,6.8256
2018/7/31,6.8255
2018/8/1,6.7948
2018/8/2,6.83
2018/8/3,6.862
2018/8/6,6.842
2018/8/7,6.834
2018/8/8,6.8316
2018/8/9,6.8283
2018/8/10,6.8574
2018/8/13,6.8767
2018/8/14,6.883
2018/8/15,6.9049
2018/8/16,6.896
2018/8/17,6.8815
2018/8/20,6.8525
2018/8/21,6.838
2018/8/22,6.846
2018/8/23,6.869
2018/8/24,6.8789
2018/8/27,6.8171
2018/8/28,6.807
2018/8/29,6.8218
2018/8/30,6.836
2018/8/31,6.8299
2018/9/3,6.8165
2018/9/4,6.829
2018/9/5,6.8381
2018/9/6,6.8307
2018/9/7,6.8379
2018/9/10,6.8655
2018/9/11,6.8637
2018/9/12,6.868
2018/9/13,6.8487
2018/9/14,6.8521
2018/9/17,6.869
2018/9/18,6.8644
2018/9/19,6.8534
2018/9/20,6.8528
2018/9/21,6.839
2018/9/25,6.877
2018/9/26,6.874
2018/9/27,6.877
2018/9/28,6.8814
2018/10/8,6.9135
2018/10/9,6.9235
2018/10/10,6.9194
2018/10/11,6.9268
2018/10/12,6.9234
2018/10/15,6.927
2018/10/16,6.9186
2018/10/17,6.9249
2018/10/18,6.9409
2018/10/19,6.9321
2018/10/22,6.9372
2018/10/23,6.9374
2018/10/24,6.9401
2018/10/25,6.9498
2018/10/26,6.9478
2018/10/29,6.956
2018/10/30,6.9613
2018/10/31,6.9734
2018/11/1,6.9496
2018/11/2,6.8897
2018/11/5,6.9265
2018/11/6,6.9141
2018/11/7,6.9253
2018/11/8,6.9285
2018/11/9,6.944
2018/11/12,6.9661
2018/11/13,6.9531
2018/11/14,6.9509
2018/11/15,6.9359
2018/11/16,6.9474
2018/11/19,6.9429
2018/11/20,6.9393
2018/11/21,6.9393
2018/11/22,6.935
2018/11/23,6.9421
2018/11/26,6.9351
2018/11/27,6.9485
2018/11/28,6.956
2018/11/29,6.9451
2018/11/30,6.9436
2018/12/3,6.8885
2018/12/4,6.8401
2018/12/5,6.8662
2018/12/6,6.8837
2018/12/7,6.8798
2018/12/10,6.9135
2018/12/11,6.899
2018/12/12,6.8893
2018/12/13,6.869
2018/12/14,6.8975
2018/12/17,6.9004
2018/12/18,6.8927
2018/12/19,6.8954
2018/12/20,6.897
2018/12/21,6.9019
2018/12/24,6.8965
2018/12/25,6.886
2018/12/26,6.8821
2018/12/27,6.866
2018/12/28,6.8658
2019/1/2,6.8518
2019/1/3,6.8721
2019/1/4,6.8645
2019/1/7,6.8499
2019/1/8,6.8561
2019/1/9,6.833
2019/1/10,6.7825
2019/1/11,6.7482
2019/1/14,6.7578
2019/1/15,6.7544
2019/1/16,6.755
2019/1/17,6.7747
2019/1/18,6.7706
2019/1/21,6.7901
2019/1/22,6.8103
2019/1/23,6.7888
2019/1/24,6.7945
2019/1/25,6.764
2019/1/28,6.7389
2019/1/29,6.7309
2019/1/30,6.7131
2019/1/31,6.7055
2019/2/1,6.7391
2019/2/11,6.7804
2019/2/12,6.781
2019/2/13,6.7596
2019/2/14,6.7701
2019/2/15,6.7802
2019/2/18,6.7671
2019/2/19,6.7675
2019/2/20,6.7236
2019/2/21,6.7101
2019/2/22,6.7186
2019/2/25,6.6941
2019/2/26,6.6961
2019/2/27,6.6835
2019/2/28,6.6868
2019/3/1,6.7078
2019/3/4,6.6991
2019/3/5,6.7038
2019/3/6,6.7106
2019/3/7,6.7074
2019/3/8,6.7269
2019/3/11,6.7251
2019/3/12,6.7114
2019/3/13,6.7092
2019/3/14,6.717
2019/3/15,6.7117
2019/3/18,6.7123
2019/3/19,6.7154
2019/3/20,6.6998
2019/3/21,6.6877
2019/3/22,6.706
2019/3/25,6.7112
2019/3/26,6.7129
2019/3/27,6.7215
2019/3/28,6.7288
2019/3/29,6.7202
2019/4/1,6.7107
2019/4/2,6.7213
2019/4/3,6.7076
2019/4/4,6.7185
2019/4/8,6.7203
2019/4/9,6.7125
2019/4/10,6.7166
2019/4/11,6.7167
2019/4/12,6.7145
2019/4/15,6.7059
2019/4/16,6.7073
2019/4/17,6.6858
2019/4/18,6.704
2019/4/19,6.7034
2019/4/22,6.7125
2019/4/23,6.7192
2019/4/24,6.7179
2019/4/25,6.741
2019/4/26,6.7381
2019/4/29,6.735
2019/4/30,6.7366
2019/5/6,6.7666
2019/5/7,6.7607
2019/5/8,6.7716
2019/5/9,6.8227
2019/5/10,6.8118
2019/5/13,6.8721
2019/5/14,6.8854
2019/5/15,6.8736
2019/5/16,6.8821
2019/5/17,6.9138
2019/5/20,6.9141
2019/5/21,6.9166
2019/5/22,6.904
2019/5/23,6.919
2019/5/24,6.905
2019/5/27,6.8963
2019/5/28,6.913
2019/5/29,6.91
2019/5/30,6.9051
2019/5/31,6.902
2019/6/3,6.9097
2019/6/4,6.913
2019/6/5,6.9088
2019/6/6,6.9161
2019/6/10,6.9332
2019/6/11,6.9138
2019/6/12,6.9167
2019/6/13,6.922
2019/6/14,6.9236
2019/6/17,6.9254
2019/6/18,6.9264
2019/6/19,6.904
2019/6/20,6.8505
2019/6/21,6.875
2019/6/24,6.8788
2019/6/25,6.8809
2019/6/26,6.8855
2019/6/27,6.8768
2019/6/28,6.8683
2019/7/1,6.8444
2019/7/2,6.8835
2019/7/3,6.8833
2019/7/4,6.8701
2019/7/5,6.8781
2019/7/8,6.879
2019/7/9,6.8846
2019/7/10,6.8809
2019/7/11,6.8658
2019/7/12,6.8783
2019/7/15,6.8758
2019/7/16,6.8772
2019/7/17,6.8795
2019/7/18,6.875
2019/7/19,6.8765
2019/7/22,6.8804
2019/7/23,6.8794
2019/7/24,6.8745
2019/7/25,6.875
2019/7/26,6.8798
2019/7/29,6.892
2019/7/30,6.8845
2019/7/31,6.8855
2019/8/1,6.9023
2019/8/2,6.9416
2019/8/5,7.0352
2019/8/6,7.0321
2019/8/7,7.0414
2019/8/8,7.0443
2019/8/9,7.052
2019/8/12,7.0679
2019/8/13,7.0669
2019/8/14,7.0165
2019/8/15,7.03
2019/8/16,7.0446
2019/8/19,7.0445
2019/8/20,7.0634
2019/8/21,7.0632
2019/8/22,7.0875
2019/8/23,7.0825
2019/8/26,7.1528
2019/8/27,7.167
2019/8/28,7.1635
2019/8/29,7.1514
2019/8/30,7.1452
2019/9/2,7.1716
2019/9/3,7.1785
2019/9/4,7.1538
2019/9/5,7.1459
2019/9/6,7.1243
2019/9/9,7.1286
2019/9/10,7.1042
2019/9/11,7.1179
2019/9/12,7.0882
2019/9/16,7.064
2019/9/17,7.0929
2019/9/18,7.0879
2019/9/19,7.0987
2019/9/20,7.0901
2019/9/23,7.126
2019/9/24,7.1075
2019/9/25,7.1238
2019/9/26,7.1315
2019/9/27,7.1195
2019/9/30,7.1381
2019/10/8,7.1295
2019/10/9,7.1327
2019/10/10,7.1246
2019/10/11,7.1
2019/10/14,7.0669
2019/10/15,7.0778
2019/10/16,7.103
2019/10/17,7.0841
2019/10/18,7.0825
2019/10/21,7.0678
2019/10/22,7.0817
2019/10/23,7.0745
2019/10/24,7.0702
2019/10/25,7.0716
2019/10/28,7.0615
2019/10/29,7.0637
2019/10/30,7.0584
2019/10/31,7.035
2019/11/1,7.0376
2019/11/4,7.0302
2019/11/5,6.9975
2019/11/6,6.9987
2019/11/7,6.988
2019/11/8,6.9884
2019/11/11,7.0065
2019/11/12,7.0028
2019/11/13,7.016
2019/11/14,7.0204
2019/11/15,7.0121
2019/11/18,7.0122
2019/11/19,7.0238
2019/11/20,7.0369
2019/11/21,7.0374
2019/11/22,7.0356
2019/11/25,7.032
2019/11/26,7.0363
2019/11/27,7.026
2019/11/28,7.0328
2019/11/29,7.0261
2019/12/2,7.0449
2019/12/3,7.0471
2019/12/4,7.0699
2019/12/5,7.0425
2019/12/6,7.034
2019/12/9,7.0403
2019/12/10,7.0385
2019/12/11,7.0386
2019/12/12,7.0333
2019/12/13,6.9839
2019/12/16,7.0027
2019/12/17,7.0024
2019/12/18,6.9996
2019/12/19,7.0079
2019/12/20,7.0115
2019/12/23,7.0127
2019/12/24,7.0075
2019/12/25,6.9823
2019/12/26,6.9984
2019/12/27,6.9992
2019/12/30,6.9878
2019/12/31,6.9662
2020/1/2,6.9631
2020/1/3,6.9716
2020/1/6,6.9745
2020/1/7,6.9376
2020/1/8,6.942
2020/1/9,6.9311
2020/1/10,6.929
2020/1/13,6.8942
2020/1/14,6.8854
2020/1/15,6.8871
2020/1/16,6.885
2020/1/17,6.8585
2020/1/20,6.8613
2020/1/21,6.9065
2020/1/22,6.9012
2020/1/23,6.93
2020/2/3,7.0257
2020/2/4,6.99
2020/2/5,6.9997
2020/2/6,6.9696
2020/2/7,6.986
2020/2/10,6.9853
2020/2/11,6.9775
2020/2/12,6.973
2020/2/13,6.9805
2020/2/14,6.9795
2020/2/17,6.9807
2020/2/18,7.0052
2020/2/19,6.9941
2020/2/20,7.0153
2020/2/21,7.0386
2020/2/24,7.0315
2020/2/25,7.0162
2020/2/26,7.017
2020/2/27,7.0161
2020/2/28,6.9896
2020/3/2,6.9578
2020/3/3,6.9808
2020/3/4,6.9331
2020/3/5,6.9425
2020/3/6,6.94
2020/3/9,6.9499
2020/3/10,6.9469
2020/3/11,6.9499
2020/3/12,6.984
2020/3/13,6.9926
2020/3/16,6.9974
2020/3/17,7.0096
2020/3/18,7.026
2020/3/19,7.091
2020/3/20,7.0661
2020/3/23,7.1187
2020/3/24,7.0769
2020/3/25,7.1009
2020/3/26,7.096
2020/3/27,7.0928
2020/3/30,7.097
2020/3/31,7.0931
2020/4/1,7.1058
2020/4/2,7.0977
2020/4/3,7.0903
2020/4/7,7.055
2020/4/8,7.0682
2020/4/9,7.059
2020/4/10,7.0359
2020/4/13,7.0489
2020/4/14,7.0605
2020/4/15,7.0617
2020/4/16,7.0745
2020/4/17,7.0764
2020/4/20,7.0755
2020/4/21,7.0876
2020/4/22,7.0842
2020/4/23,7.0791
2020/4/24,7.0829
2020/4/27,7.0836
2020/4/28,7.0855
2020/4/29,7.0748
2020/4/30,7.0519
2020/5/6,7.0959
2020/5/7,7.0913
2020/5/8,7.0792
2020/5/11,7.0864
2020/5/12,7.0886
2020/5/13,7.0937
2020/5/14,7.0948
2020/5/15,7.0995
2020/5/18,7.1133
2020/5/19,7.1069
2020/5/20,7.1067
2020/5/21,7.0998
2020/5/22,7.1416
2020/5/25,7.1388
2020/5/26,7.1354
2020/5/27,7.1547
2020/5/28,7.16
2020/5/29,7.1455
2020/6/1,7.134
2020/6/2,7.1105
2020/6/3,7.1099
2020/6/4,7.1223
2020/6/5,7.0866
2020/6/8,7.0745
2020/6/9,7.0882
2020/6/10,7.067
2020/6/11,7.0698
2020/6/12,7.0745
2020/6/15,7.0946
2020/6/16,7.0818
2020/6/17,7.0859
2020/6/18,7.0812
2020/6/19,7.078
2020/6/22,7.077
2020/6/23,7.065
2020/6/24,7.0744
2020/6/29,7.0776
2020/6/30,7.0741
2020/7/1,7.0611
2020/7/2,7.0663
2020/7/3,7.068
2020/7/6,7.033
2020/7/7,7.0241
2020/7/8,7.0176
2020/7/9,6.9862
2020/7/10,7.0071
2020/7/13,7.0031
2020/7/14,7.0188
2020/7/15,6.9886
2020/7/16,6.9982
2020/7/17,7.0002
2020/7/20,6.9912
2020/7/21,6.9936
2020/7/22,7.0059
2020/7/23,6.9961
2020/7/24,7.0162
2020/7/27,7.001
2020/7/28,7.0072
2020/7/29,6.9997
2020/7/30,7.0064
2020/7/31,6.9794
2020/8/3,6.9773
2020/8/4,6.982
2020/8/5,6.953
2020/8/6,6.9441
2020/8/7,6.9598
2020/8/10,6.9701
2020/8/11,6.9519
2020/8/12,6.9458
2020/8/13,6.9445
2020/8/14,6.9498
2020/8/17,6.9417
2020/8/18,6.9257
2020/8/19,6.9103
2020/8/20,6.9216
2020/8/21,6.9136
2020/8/24,6.9126
2020/8/25,6.9117
2020/8/26,6.8919
2020/8/27,6.8946
2020/8/28,6.8651
2020/8/31,6.8535
2020/9/1,6.8239
2020/9/2,6.8261
2020/9/3,6.8355
2020/9/4,6.8393
2020/9/7,6.8302
2020/9/8,6.8316
2020/9/9,6.846
2020/9/10,6.8398
2020/9/11,6.8369
2020/9/14,6.8235
2020/9/15,6.7775
2020/9/16,6.7613
2020/9/17,6.7659
2020/9/18,6.7588
2020/9/21,6.7733
2020/9/22,6.7875
2020/9/23,6.792
2020/9/24,6.824
2020/9/25,6.8202
2020/9/28,6.8209
2020/9/29,6.8229
2020/9/30,6.8106
2020/10/9,6.7135
2020/10/12,6.7358
2020/10/13,6.7385
2020/10/14,6.737
2020/10/15,6.73
2020/10/16,6.6982
2020/10/19,6.6935
2020/10/20,6.6818
2020/10/21,6.6575
2020/10/22,6.6689
2020/10/23,6.669
2020/10/26,6.6985
2020/10/27,6.7157
2020/10/28,6.7138
2020/10/29,6.7104
2020/10/30,6.7002
2020/11/2,6.7001
2020/11/3,6.6884
2020/11/4,6.7138
2020/11/5,6.64
2020/11/6,6.6215
2020/11/9,6.5728
2020/11/10,6.6041
2020/11/11,6.62
2020/11/12,6.6297
2020/11/13,6.6144
2020/11/16,6.577
2020/11/17,6.558
2020/11/18,6.5425
2020/11/19,6.5851
2020/11/20,6.5714
2020/11/23,6.5694
2020/11/24,6.5761
2020/11/25,6.5796
2020/11/26,6.5729
2020/11/27,6.5823
2020/11/30,6.5827
2020/12/1,6.5707
2020/12/2,6.5684
2020/12/3,6.559
2020/12/4,6.5302
2020/12/7,6.5382
2020/12/8,6.532
2020/12/9,6.5374
2020/12/10,6.548
2020/12/11,6.5411
2020/12/14,6.5367
2020/12/15,6.5446
2020/12/16,6.5378
2020/12/17,6.5335
2020/12/18,6.5415
2020/12/21,6.5494
2020/12/22,6.548
2020/12/23,6.5378
2020/12/24,6.532
2020/12/25,6.5241
2020/12/28,6.5375
2020/12/29,6.5305
2020/12/30,6.5307
2020/12/31,6.5398
2021/1/4,6.4628
2021/1/5,6.464
2021/1/6,6.4615
2021/1/7,6.4567
2021/1/8,6.4719
2021/1/11,6.4748
2021/1/12,6.467
2021/1/13,6.4659
2021/1/14,6.4678
2021/1/15,6.4752
2021/1/18,6.493
2021/1/19,6.4872
2021/1/20,6.4676
2021/1/21,6.4643
2021/1/22,6.4777
2021/1/25,6.4763
2021/1/26,6.4756
2021/1/27,6.4671
2021/1/28,6.4758
2021/1/29,6.4612
2021/2/1,6.4641
2021/2/2,6.4597
2021/2/3,6.4587
2021/2/4,6.4629
2021/2/5,6.481
2021/2/8,6.4583
2021/2/9,6.4487
2021/2/10,6.438
2021/2/18,6.4706
2021/2/19,6.4575
2021/2/22,6.4675
2021/2/23,6.4606
2021/2/24,6.453
2021/2/25,6.45
2021/2/26,6.459
2021/3/1,6.4615
2021/3/2,6.4699
2021/3/3,6.462
2021/3/4,6.469
2021/3/5,6.4768
2021/3/8,6.5233
2021/3/9,6.518
2021/3/10,6.5116
2021/3/11,6.4911
2021/3/12,6.5036
2021/3/15,6.5031
2021/3/16,6.4995
2021/3/17,6.503
2021/3/18,6.5017
2021/3/19,6.5045
2021/3/22,6.51
2021/3/23,6.5108
2021/3/24,6.5236
2021/3/25,6.534
2021/3/26,6.5407
2021/3/29,6.5626
2021/3/30,6.5677
2021/3/31,6.5566
2021/4/1,6.5739
2021/4/2,6.5612
2021/4/6,6.5501
2021/4/7,6.546
2021/4/8,6.549
2021/4/9,6.5589
2021/4/12,6.5514
2021/4/13,6.5487
2021/4/14,6.5334
2021/4/15,6.5322
2021/4/16,6.5228
2021/4/19,6.5115
2021/4/20,6.4953
2021/4/21,6.4951
2021/4/22,6.4888
2021/4/23,6.4936
2021/4/26,6.4878
2021/4/27,6.486
2021/4/28,6.4847
2021/4/29,6.4652
2021/4/30,6.4716
2021/5/6,6.4739
2021/5/7,6.4589
2021/5/10,6.4173
2021/5/11,6.427
2021/5/12,6.4425
2021/5/13,6.4549
2021/5/14,6.4347
2021/5/17,6.4416
2021/5/18,6.4245
2021/5/19,6.4382
2021/5/20,6.4353
2021/5/21,6.4337
2021/5/24,6.4293
2021/5/25,6.4078
2021/5/26,6.393
2021/5/27,6.3758
2021/5/28,6.3654
2021/5/31,6.3607
2021/6/1,6.3759
2021/6/2,6.3872
2021/6/3,6.3932
2021/6/4,6.4092
2021/6/7,6.3961
2021/6/8,6.3972
2021/6/9,6.3899
2021/6/10,6.3903
2021/6/11,6.3914
2021/6/15,6.4021
2021/6/16,6.3974
2021/6/17,6.4277
2021/6/18,6.4408
2021/6/21,6.4705
2021/6/22,6.4733
2021/6/23,6.4808
2021/6/24,6.4732
2021/6/25,6.4553
2021/6/28,6.4565
2021/6/29,6.4575
2021/6/30,6.4612
2021/7/1,6.464
2021/7/2,6.4825
2021/7/5,6.4608
2021/7/6,6.4627
2021/7/7,6.4639
2021/7/8,6.4811
2021/7/9,6.4847
2021/7/12,6.4727
2021/7/13,6.4651
2021/7/14,6.4728
2021/7/15,6.4612
2021/7/16,6.4678
2021/7/19,6.4835
2021/7/20,6.48
2021/7/21,6.4743
2021/7/22,6.4661
2021/7/23,6.4759
2021/7/26,6.4827
2021/7/27,6.504
2021/7/28,6.5035
2021/7/29,6.4628
2021/7/30,6.456
2021/8/2,6.4609
2021/8/3,6.4649
2021/8/4,6.4619
2021/8/5,6.4611
2021/8/6,6.4688
2021/8/9,6.478
2021/8/10,6.4807
2021/8/11,6.487
2021/8/12,6.4771
2021/8/13,6.483
2021/8/16,6.4756
2021/8/17,6.4799
2021/8/18,6.4801
2021/8/19,6.4929
2021/8/20,6.5
2021/8/23,6.4902
2021/8/24,6.4778
2021/8/25,6.4742
2021/8/26,6.4837
2021/8/27,6.4797
2021/8/30,6.466
2021/8/31,6.4645
2021/9/1,6.4652
2021/9/2,6.4617
2021/9/3,6.4565
2021/9/6,6.4538
2021/9/7,6.4604
2021/9/8,6.4622
2021/9/9,6.4572
2021/9/10,6.4408
2021/9/13,6.455
2021/9/14,6.4433
2021/9/15,6.4351
2021/9/16,6.4447
2021/9/17,6.4521
2021/9/22,6.4683
2021/9/23,6.4594
2021/9/24,6.4645
2021/9/27,6.4614
2021/9/28,6.4592
2021/9/29,6.468
2021/9/30,6.4626
2021/10/8,6.4491
2021/10/11,6.4377
2021/10/12,6.4565
2021/10/13,6.4452
2021/10/14,6.4339
2021/10/15,6.4291
2021/10/18,6.4345
2021/10/19,6.3998
2021/10/20,6.3936
2021/10/21,6.3988
2021/10/22,6.3903
2021/10/25,6.381
2021/10/26,6.3812
2021/10/27,6.3934
2021/10/28,6.4006
2021/10/29,6.4009
2021/11/1,6.4032
2021/11/2,6.3985
2021/11/3,6.397
2021/11/4,6.3956
2021/11/5,6.4013
2021/11/8,6.3981
2021/11/9,6.395
2021/11/10,6.3915
2021/11/11,6.4048
2021/11/12,6.3902
2021/11/15,6.3803
2021/11/16,6.377
2021/11/17,6.3817
2021/11/18,6.3809
2021/11/19,6.3811
2021/11/22,6.3759
2021/11/23,6.3845
2021/11/24,6.3877
2021/11/25,6.3894
2021/11/26,6.3913
2021/11/29,6.3821
2021/11/30,6.3701
2021/12/1,6.3705
2021/12/2,6.373
2021/12/3,6.369
2021/12/6,6.3715
2021/12/7,6.3678
2021/12/8,6.3535
2021/12/9,6.3457
2021/12/10,6.3704
2021/12/13,6.3631
2021/12/14,6.3634
2021/12/15,6.3652
2021/12/16,6.3679
2021/12/17,6.3742
2021/12/20,6.3781
2021/12/21,6.3707
2021/12/22,6.3721
2021/12/23,6.3702
2021/12/24,6.37
2021/12/27,6.3725
2021/12/28,6.3713
2021/12/29,6.3714
2021/12/30,6.3793
2021/12/31,6.373
2022/1/4,6.3745
2022/1/5,6.3677
2022/1/6,6.3761
2022/1/7,6.3739
2022/1/10,6.3718
2022/1/11,6.3718
2022/1/12,6.3646
2022/1/13,6.3598
2022/1/14,6.3435
2022/1/17,6.3466
2022/1/18,6.3513
2022/1/19,6.3522
2022/1/20,6.3421
2022/1/21,6.3397
2022/1/24,6.332
2022/1/25,6.3252
2022/1/26,6.3219
2022/1/27,6.3645
2022/1/28,6.3636
2022/2/7,6.3578
2022/2/8,6.3688
2022/2/9,6.3609
2022/2/10,6.359
2022/2/11,6.3592
2022/2/14,6.3598
2022/2/15,6.3475
2022/2/16,6.3353
2022/2/17,6.3366
2022/2/18,6.3265
2022/2/21,6.3333
2022/2/22,6.3356
2022/2/23,6.3178
2022/2/24,6.3234
2022/2/25,6.3142
2022/2/28,6.3111
2022/3/1,6.3127
2022/3/2,6.3107
2022/3/3,6.3184
2022/3/4,6.3189
2022/3/7,6.3183
2022/3/8,6.3141
2022/3/9,6.3163
2022/3/10,6.3216
2022/3/11,6.3228
2022/3/14,6.3598
2022/3/15,6.38
2022/3/16,6.3465
2022/3/17,6.3494
2022/3/18,6.3641
2022/3/21,6.3588
2022/3/22,6.36
2022/3/23,6.3742
2022/3/24,6.3697
2022/3/25,6.3655
2022/3/28,6.3702
2022/3/29,6.3722
2022/3/30,6.3526
2022/3/31,6.3433
2022/4/1,6.3591
2022/4/6,6.3636
2022/4/7,6.3634
2022/4/8,6.3637
2022/4/11,6.3699
2022/4/12,6.3711
2022/4/13,6.3655
2022/4/14,6.3704
2022/4/15,6.3712
2022/4/18,6.3698
2022/4/19,6.3778
2022/4/20,6.4153
2022/4/21,6.45
2022/4/22,6.4875
2022/4/25,6.5544
2022/4/26,6.5473
2022/4/27,6.5569
2022/4/28,6.6115
2022/4/29,6.5866
2022/5/5,6.6224
2022/5/6,6.6845
2022/5/9,6.7202
2022/5/10,6.7227
2022/5/11,6.7274
2022/5/12,6.79
2022/5/13,6.783
2022/5/16,6.7967
2022/5/17,6.7472
2022/5/18,6.749
2022/5/19,6.7678
2022/5/20,6.674
2022/5/23,6.6634
2022/5/24,6.6671
2022/5/25,6.6737
2022/5/26,6.7381
2022/5/27,6.7081
2022/5/30,6.6648
2022/5/31,6.6578
2022/6/1,6.6941
2022/6/2,6.675
2022/6/6,6.6457
2022/6/7,6.6655
2022/6/8,6.683
2022/6/9,6.6837
2022/6/10,6.6927
2022/6/13,6.7341
2022/6/14,6.7358
2022/6/15,6.7195
2022/6/16,6.7162
2022/6/17,6.701
2022/6/20,6.686
2022/6/21,6.6995
2022/6/22,6.7171
2022/6/23,6.708
2022/6/24,6.6936
2022/6/27,6.6878
2022/6/28,6.6876
2022/6/29,6.6972
2022/6/30,6.6943
2022/7/1,6.7006
2022/7/4,6.6965
2022/7/5,6.701
2022/7/6,6.7032
2022/7/7,6.7073
2022/7/8,6.7051
2022/7/11,6.7076
2022/7/12,6.7345
2022/7/13,6.7229
2022/7/14,6.748
2022/7/15,6.767
2022/7/18,6.7446
2022/7/19,6.7438
2022/7/20,6.753
2022/7/21,6.7634
2022/7/22,6.7657
2022/7/25,6.7536
2022/7/26,6.7557
2022/7/27,6.7569
2022/7/28,6.745
2022/7/29,6.739
2022/8/1,6.7549
2022/8/2,6.758
2022/8/3,6.7549
2022/8/4,6.7562
2022/8/5,6.7507
2022/8/8,6.7602
2022/8/9,6.7542
2022/8/10,6.7577
2022/8/11,6.7386
2022/8/12,6.7349
2022/8/15,6.7632
2022/8/16,6.7919
2022/8/17,6.7757
2022/8/18,6.7925
2022/8/19,6.8088
2022/8/22,6.8384
2022/8/23,6.851
2022/8/24,6.8654
2022/8/25,6.8503
2022/8/26,6.8621
2022/8/29,6.921
2022/8/30,6.898
2022/8/31,6.8905
2022/9/1,6.899
2022/9/2,6.9028
2022/9/5,6.9366
2022/9/6,6.9485
2022/9/7,6.9715
2022/9/8,6.9639
2022/9/9,6.9192
2022/9/13,6.9311
2022/9/14,6.963
2022/9/15,6.9775
2022/9/16,7.0166
2022/9/19,7.0179
2022/9/20,7.0131
2022/9/21,7.0535
2022/9/22,7.081
2022/9/23,7.1104
2022/9/26,7.1464
2022/9/27,7.158
2022/9/28,7.2458
2022/9/29,7.2
2022/9/30,7.0931
2022/10/10,7.144
2022/10/11,7.1788
2022/10/12,7.1629
2022/10/13,7.1928
2022/10/14,7.1931
2022/10/17,7.205
2022/10/18,7.1952
2022/10/19,7.2242
2022/10/20,7.2377
2022/10/21,7.2494
2022/10/24,7.261
2022/10/25,7.3085
2022/10/26,7.1825
2022/10/27,7.2081
2022/10/28,7.2565
2022/10/31,7.2985
2022/11/1,7.2719
2022/11/2,7.2825
2022/11/3,7.32
2022/11/4,7.2703
2022/11/7,7.2405
2022/11/8,7.262
2022/11/9,7.238
2022/11/10,7.2474
2022/11/11,7.1106
2022/11/14,7.0378
2022/11/15,7.0335
2022/11/16,7.0809
2022/11/17,7.1291
2022/11/18,7.1275
2022/11/21,7.163
2022/11/22,7.1384
2022/11/23,7.1542
2022/11/24,7.1486
2022/11/25,7.1615
2022/11/28,7.1999
2022/11/29,7.1663
2022/11/30,7.1419
2022/12/1,7.0791
2022/12/2,7.038
2022/12/5,6.9561
2022/12/6,7.0009
2022/12/7,6.979
2022/12/8,6.9728
2022/12/9,6.948
2022/12/12,6.9757
2022/12/13,6.9811
2022/12/14,6.94
2022/12/15,6.969
2022/12/16,6.9716
2022/12/19,6.9747
2022/12/20,6.9715
2022/12/21,6.9699
2022/12/22,6.9793
2022/12/23,6.987
2022/12/26,6.9587
2022/12/27,6.9625
2022/12/28,6.9725
2022/12/29,6.9709
2022/12/30,6.9514
2023/1/3,6.905
2023/1/4,6.8825
2023/1/5,6.8731
2023/1/6,6.8588
2023/1/9,6.7712
2023/1/10,6.7772
2023/1/11,6.7775
2023/1/12,6.7565
2023/1/13,6.7099
2023/1/16,6.7281
2023/1/17,6.7652
2023/1/18,6.7623
2023/1/19,6.7738
2023/1/20,6.774
2023/1/30,6.7514
2023/1/31,6.7571
2023/2/1,6.741
2023/2/2,6.7221
2023/2/3,6.7465
2023/2/6,6.7832
2023/2/7,6.7876
2023/2/8,6.7802
2023/2/9,6.7817
2023/2/10,6.7999
2023/2/13,6.8271
2023/2/14,6.8165
2023/2/15,6.8451
2023/2/16,6.8516
2023/2/17,6.8818
2023/2/20,6.8555
2023/2/21,6.8734
2023/2/22,6.8953
2023/2/23,6.8918
2023/2/24,6.9442
2023/2/27,6.9645
2023/2/28,6.9392
2023/3/1,6.8854
2023/3/2,6.9086
2023/3/3,6.9002
2023/3/6,6.9194
2023/3/7,6.9268
2023/3/8,6.9706
2023/3/9,6.9699
2023/3/10,6.9653
2023/3/13,6.9005
2023/3/14,6.8725
2023/3/15,6.899
2023/3/16,6.9018
2023/3/17,6.8765
2023/3/20,6.8931
2023/3/21,6.8738
2023/3/22,6.8903
2023/3/23,6.8289
2023/3/24,6.8655
2023/3/27,6.882
2023/3/28,6.8845
2023/3/29,6.8883
2023/3/30,6.8781
2023/3/31,6.8713
2023/4/3,6.8905
2023/4/4,6.8802
2023/4/6,6.8807
2023/4/7,6.8754
2023/4/10,6.874
2023/4/11,6.8847
2023/4/12,6.8832
2023/4/13,6.8721
2023/4/14,6.8495
2023/4/17,6.8717
2023/4/18,6.8749
2023/4/19,6.8966
2023/4/20,6.8796
2023/4/21,6.8898
2023/4/24,6.8985
2023/4/25,6.9163
2023/4/26,6.9207
2023/4/27,6.9231
2023/4/28,6.9284
2023/5/4,6.9162
2023/5/5,6.9114
2023/5/8,6.9166
2023/5/9,6.9275
2023/5/10,6.9229
2023/5/11,6.9396
2023/5/12,6.9506
2023/5/15,6.9525
2023/5/16,6.9641
2023/5/17,6.9985
2023/5/18,7.0294
2023/5/19,7.0235
2023/5/22,7.0304
2023/5/23,7.0505
2023/5/24,7.0418
2023/5/25,7.0686
2023/5/26,7.0547
2023/5/29,7.0787
2023/5/30,7.0901
2023/5/31,7.1065
2023/6/1,7.1179
2023/6/2,7.075
2023/6/5,7.1185
2023/6/6,7.1174
2023/6/7,7.126
2023/6/8,7.1275
2023/6/9,7.1241
2023/6/12,7.1426
2023/6/13,7.1536
2023/6/14,7.1576
2023/6/15,7.1555
2023/6/16,7.1168
2023/6/19,7.1583
2023/6/20,7.1744
2023/6/21,7.1938
2023/6/26,7.2219
2023/6/27,7.2101
2023/6/28,7.2455
2023/6/29,7.2423
